规则序号,judgment_result,IFC实体组,
27,不适用,不适用,
44,"合规","[{""guid"": ""2OibT2UMLBYgfonVRELIuz"", ""type"": "" (IfcBuilding)""}, {""guid"": ""2OibT2UMLBYgfonVOngj2l"", ""type"": ""地面 (IfcBuildingStorey)""}, {""guid"": ""1wXU_jTED61P7ZYfArwKmh"", ""type"": ""8 (IfcSpace)""}, {""guid"": ""1Dkc0PZSH8QhoXanFZjEwA"", ""type"": ""单嵌板玻璃门 1:700 x 2100mm:239963 (IfcDoor)""}, {""guid"": ""1Dkc0PZSH8QhoXanFZjEzD"", ""type"": ""单嵌板玻璃门 1:700 x 2100mm:239772 (IfcDoor)""}, {""guid"": ""2PwpcYxEv3BQDGz$YVbYWf"", ""type"": ""双扇推拉门 - 墙外:4000 x 4000mm 2:229880 (IfcDoor)""}, {""guid"": ""2PwpcYxEv3BQDGz$YVbYZD"", ""type"": ""双扇推拉门 - 墙外:4000 x 4000mm 2:229660 (IfcDoor)""}, {""guid"": ""2PwpcYxEv3BQDGz$YVbYar"", ""type"": ""双扇推拉门 - 墙外:4000 x 4000mm 2:229604 (IfcDoor)""}, {""guid"": ""2PwpcYxEv3BQDGz$YVbYdh"", ""type"": ""双扇推拉门 - 墙外:4000 x 4000mm 2:229434 (IfcDoor)""}, {""guid"": ""2PwpcYxEv3BQDGz$YVbYh8"", ""type"": ""双扇推拉门 - 墙外:3000 x 3500mm 3:230169 (IfcDoor)""}, {""guid"": ""2PwpcYxEv3BQDGz$YVbYim"", ""type"": ""双扇推拉门 - 墙外:3000 x 3500mm 3:230113 (IfcDoor)""}, {""guid"": ""2PwpcYxEv3BQDGz$YVbYj_"", ""type"": ""双扇推拉门 - 墙外:3000 x 3500mm 3:230063 (IfcDoor)""}, {""guid"": ""2PwpcYxEv3BQDGz$YVbYlf"", ""type"": ""双扇推拉门 - 墙外:3000 x 3500mm 3:229944 (IfcDoor)""}, {""guid"": ""2PwpcYxEv3BQDGz$YVbjOh"", ""type"": ""双扇推拉门 - 墙外:4000 x 4000mm 2:229370 (IfcDoor)""}, {""guid"": ""2PwpcYxEv3BQDGz$YVbjRc"", ""type"": ""双扇推拉门 - 墙外:4000 x 4000mm 2:229175 (IfcDoor)""}]",
44,"不合规","[{""guid"": ""2OibT2UMLBYgfonVRELIuz"", ""type"": "" (IfcBuilding)""}, {""guid"": ""2OibT2UMLBYgfonVOngjlZ"", ""type"": ""二层楼面 (IfcBuildingStorey)""}, {""guid"": ""1wXU_jTED61P7ZYfArwKmy"", ""type"": ""13 (IfcSpace)""}, {""guid"": ""26bv8NXWT6ZffBljVe3EEW"", ""type"": ""单嵌板玻璃门 1:900 x 2100mm:244061 (IfcDoor)""}, {""guid"": ""26bv8NXWT6ZffBljVe3ELX"", ""type"": ""单嵌板玻璃门 1:900 x 2100mm:245660 (IfcDoor)""}]",
45,"合规","[{""guid"": ""2OibT2UMLBYgfonVRELIuz"", ""type"": "" (IfcBuilding)""}, {""guid"": ""1wXU_jTED61P7ZYfArwKmh"", ""type"": ""8 (IfcSpace)""}, {""guid"": ""1Dkc0PZSH8QhoXanFZjEwA"", ""type"": ""单嵌板玻璃门 1:700 x 2100mm:239963 (IfcDoor)""}, {""guid"": ""1Dkc0PZSH8QhoXanFZjEzD"", ""type"": ""单嵌板玻璃门 1:700 x 2100mm:239772 (IfcDoor)""}, {""guid"": ""2PwpcYxEv3BQDGz$YVbYWf"", ""type"": ""双扇推拉门 - 墙外:4000 x 4000mm 2:229880 (IfcDoor)""}, {""guid"": ""2PwpcYxEv3BQDGz$YVbYZD"", ""type"": ""双扇推拉门 - 墙外:4000 x 4000mm 2:229660 (IfcDoor)""}, {""guid"": ""2PwpcYxEv3BQDGz$YVbYar"", ""type"": ""双扇推拉门 - 墙外:4000 x 4000mm 2:229604 (IfcDoor)""}, {""guid"": ""2PwpcYxEv3BQDGz$YVbYdh"", ""type"": ""双扇推拉门 - 墙外:4000 x 4000mm 2:229434 (IfcDoor)""}, {""guid"": ""2PwpcYxEv3BQDGz$YVbYh8"", ""type"": ""双扇推拉门 - 墙外:3000 x 3500mm 3:230169 (IfcDoor)""}, {""guid"": ""2PwpcYxEv3BQDGz$YVbYim"", ""type"": ""双扇推拉门 - 墙外:3000 x 3500mm 3:230113 (IfcDoor)""}, {""guid"": ""2PwpcYxEv3BQDGz$YVbYj_"", ""type"": ""双扇推拉门 - 墙外:3000 x 3500mm 3:230063 (IfcDoor)""}, {""guid"": ""2PwpcYxEv3BQDGz$YVbYlf"", ""type"": ""双扇推拉门 - 墙外:3000 x 3500mm 3:229944 (IfcDoor)""}, {""guid"": ""2PwpcYxEv3BQDGz$YVbjOh"", ""type"": ""双扇推拉门 - 墙外:4000 x 4000mm 2:229370 (IfcDoor)""}]",
22,"不合规","[{""guid"": ""2OibT2UMLBYgfonVRELIuz"", ""type"": "" (IfcBuilding)""}, {""guid"": ""0TDMvFTNHFH99lCoq9QHPU"", ""type"": ""基本墙:常规 - 200mm:221209 (IfcWall)""}]",
28,"不合规","[{""guid"": ""2OibT2UMLBYgfonVRELIuz"", ""type"": "" (IfcBuilding)""}, {""guid"": ""0gKFhH4357pRQxVB7vb_$5"", ""type"": ""混凝土 - 矩形 - 柱:500 x 500mm 2:216381 (IfcColumn)""}]",
28,"不合规","[{""guid"": ""2OibT2UMLBYgfonVRELIuz"", ""type"": "" (IfcBuilding)""}, {""guid"": ""0gKFhH4357pRQxVB7vb_$B"", ""type"": ""混凝土 - 矩形 - 柱:500 x 500mm 2:216371 (IfcColumn)""}]",
28,"不合规","[{""guid"": ""2OibT2UMLBYgfonVRELIuz"", ""type"": "" (IfcBuilding)""}, {""guid"": ""0gKFhH4357pRQxVB7vb_$H"", ""type"": ""混凝土 - 矩形 - 柱:500 x 500mm 2:216361 (IfcColumn)""}]",
28,"不合规","[{""guid"": ""2OibT2UMLBYgfonVRELIuz"", ""type"": "" (IfcBuilding)""}, {""guid"": ""0gKFhH4357pRQxVB7vb_$T"", ""type"": ""混凝土 - 矩形 - 柱:500 x 500mm 2:216357 (IfcColumn)""}]",
28,"不合规","[{""guid"": ""2OibT2UMLBYgfonVRELIuz"", ""type"": "" (IfcBuilding)""}, {""guid"": ""0gKFhH4357pRQxVB7vb_0Y"", ""type"": ""混凝土 - 矩形 - 柱:500 x 500mm 2:213722 (IfcColumn)""}]",
28,"不合规","[{""guid"": ""2OibT2UMLBYgfonVRELIuz"", ""type"": "" (IfcBuilding)""}, {""guid"": ""0gKFhH4357pRQxVB7vb_Jw"", ""type"": ""混凝土 - 矩形 - 柱:500 x 500mm 2:214530 (IfcColumn)""}]",
28,"不合规","[{""guid"": ""2OibT2UMLBYgfonVRELIuz"", ""type"": "" (IfcBuilding)""}, {""guid"": ""0gKFhH4357pRQxVB7vb_W$"", ""type"": ""混凝土 - 矩形 - 柱:500 x 500mm 2:215751 (IfcColumn)""}]",
28,"不合规","[{""guid"": ""2OibT2UMLBYgfonVRELIuz"", ""type"": "" (IfcBuilding)""}, {""guid"": ""0gKFhH4357pRQxVB7vb_WX"", ""type"": ""混凝土 - 矩形 - 柱:500 x 500mm 2:215769 (IfcColumn)""}]",
28,"不合规","[{""guid"": ""2OibT2UMLBYgfonVRELIuz"", ""type"": "" (IfcBuilding)""}, {""guid"": ""0gKFhH4357pRQxVB7vb_WZ"", ""type"": ""混凝土 - 矩形 - 柱:500 x 500mm 2:215771 (IfcColumn)""}]",
28,"不合规","[{""guid"": ""2OibT2UMLBYgfonVRELIuz"", ""type"": "" (IfcBuilding)""}, {""guid"": ""0gKFhH4357pRQxVB7vb_Wb"", ""type"": ""混凝土 - 矩形 - 柱:500 x 500mm 2:215773 (IfcColumn)""}]",
28,"不合规","[{""guid"": ""2OibT2UMLBYgfonVRELIuz"", ""type"": "" (IfcBuilding)""}, {""guid"": ""0gKFhH4357pRQxVB7vb_Wj"", ""type"": ""混凝土 - 矩形 - 柱:500 x 500mm 2:215765 (IfcColumn)""}]",
28,"不合规","[{""guid"": ""2OibT2UMLBYgfonVRELIuz"", ""type"": "" (IfcBuilding)""}, {""guid"": ""0gKFhH4357pRQxVB7vb_Wn"", ""type"": ""混凝土 - 矩形 - 柱:500 x 500mm 2:215753 (IfcColumn)""}]",
28,"不合规","[{""guid"": ""2OibT2UMLBYgfonVRELIuz"", ""type"": "" (IfcBuilding)""}, {""guid"": ""0gKFhH4357pRQxVB7vb_Wp"", ""type"": ""混凝土 - 矩形 - 柱:500 x 500mm 2:215755 (IfcColumn)""}]",
28,"不合规","[{""guid"": ""2OibT2UMLBYgfonVRELIuz"", ""type"": "" (IfcBuilding)""}, {""guid"": ""0gKFhH4357pRQxVB7vb_X$"", ""type"": ""混凝土 - 矩形 - 柱:500 x 500mm 2:215687 (IfcColumn)""}]",
28,"不合规","[{""guid"": ""2OibT2UMLBYgfonVRELIuz"", ""type"": "" (IfcBuilding)""}, {""guid"": ""0gKFhH4357pRQxVB7vb_Xx"", ""type"": ""混凝土 - 矩形 - 柱:500 x 500mm 2:215683 (IfcColumn)""}]",
28,"不合规","[{""guid"": ""2OibT2UMLBYgfonVRELIuz"", ""type"": "" (IfcBuilding)""}, {""guid"": ""0gKFhH4357pRQxVB7vb_Y1"", ""type"": ""混凝土 - 矩形 - 柱:500 x 500mm 2:215673 (IfcColumn)""}]",
28,"不合规","[{""guid"": ""2OibT2UMLBYgfonVRELIuz"", ""type"": "" (IfcBuilding)""}, {""guid"": ""0gKFhH4357pRQxVB7vb_Y5"", ""type"": ""混凝土 - 矩形 - 柱:500 x 500mm 2:215677 (IfcColumn)""}]",
28,"不合规","[{""guid"": ""2OibT2UMLBYgfonVRELIuz"", ""type"": "" (IfcBuilding)""}, {""guid"": ""0gKFhH4357pRQxVB7vb_Y7"", ""type"": ""混凝土 - 矩形 - 柱:500 x 500mm 2:215679 (IfcColumn)""}]",
28,"不合规","[{""guid"": ""2OibT2UMLBYgfonVRELIuz"", ""type"": "" (IfcBuilding)""}, {""guid"": ""0gKFhH4357pRQxVB7vb_YB"", ""type"": ""混凝土 - 矩形 - 柱:500 x 500mm 2:215667 (IfcColumn)""}]",
28,"不合规","[{""guid"": ""2OibT2UMLBYgfonVRELIuz"", ""type"": "" (IfcBuilding)""}, {""guid"": ""0gKFhH4357pRQxVB7vb_YD"", ""type"": ""混凝土 - 矩形 - 柱:500 x 500mm 2:215669 (IfcColumn)""}]",
28,"不合规","[{""guid"": ""2OibT2UMLBYgfonVRELIuz"", ""type"": "" (IfcBuilding)""}, {""guid"": ""0gKFhH4357pRQxVB7vb_YF"", ""type"": ""混凝土 - 矩形 - 柱:500 x 500mm 2:215671 (IfcColumn)""}]",
28,"不合规","[{""guid"": ""2OibT2UMLBYgfonVRELIuz"", ""type"": "" (IfcBuilding)""}, {""guid"": ""0gKFhH4357pRQxVB7vb_YN"", ""type"": ""混凝土 - 矩形 - 柱:500 x 500mm 2:215663 (IfcColumn)""}]",
28,"不合规","[{""guid"": ""2OibT2UMLBYgfonVRELIuz"", ""type"": "" (IfcBuilding)""}, {""guid"": ""0gKFhH4357pRQxVB7vb_ZH"", ""type"": ""混凝土 - 矩形 - 柱:500 x 500mm 2:215593 (IfcColumn)""}]",
28,"不合规","[{""guid"": ""2OibT2UMLBYgfonVRELIuz"", ""type"": "" (IfcBuilding)""}, {""guid"": ""0gKFhH4357pRQxVB7vb_ZJ"", ""type"": ""混凝土 - 矩形 - 柱:500 x 500mm 2:215595 (IfcColumn)""}]",
28,"不合规","[{""guid"": ""2OibT2UMLBYgfonVRELIuz"", ""type"": "" (IfcBuilding)""}, {""guid"": ""0gKFhH4357pRQxVB7vb_ZR"", ""type"": ""混凝土 - 矩形 - 柱:500 x 500mm 2:215587 (IfcColumn)""}]",
28,"不合规","[{""guid"": ""2OibT2UMLBYgfonVRELIuz"", ""type"": "" (IfcBuilding)""}, {""guid"": ""0gKFhH4357pRQxVB7vb_ZT"", ""type"": ""混凝土 - 矩形 - 柱:500 x 500mm 2:215589 (IfcColumn)""}]",
28,"不合规","[{""guid"": ""2OibT2UMLBYgfonVRELIuz"", ""type"": "" (IfcBuilding)""}, {""guid"": ""0gKFhH4357pRQxVB7vb_ZX"", ""type"": ""混凝土 - 矩形 - 柱:500 x 500mm 2:215577 (IfcColumn)""}]",
28,"不合规","[{""guid"": ""2OibT2UMLBYgfonVRELIuz"", ""type"": "" (IfcBuilding)""}, {""guid"": ""0gKFhH4357pRQxVB7vb_ZZ"", ""type"": ""混凝土 - 矩形 - 柱:500 x 500mm 2:215579 (IfcColumn)""}]",
28,"不合规","[{""guid"": ""2OibT2UMLBYgfonVRELIuz"", ""type"": "" (IfcBuilding)""}, {""guid"": ""0gKFhH4357pRQxVB7vb_Zd"", ""type"": ""混凝土 - 矩形 - 柱:500 x 500mm 2:215583 (IfcColumn)""}]",
28,"不合规","[{""guid"": ""2OibT2UMLBYgfonVRELIuz"", ""type"": "" (IfcBuilding)""}, {""guid"": ""0gKFhH4357pRQxVB7vb_aX"", ""type"": ""混凝土 - 矩形 - 柱:500 x 500mm 2:216025 (IfcColumn)""}]",
28,"不合规","[{""guid"": ""2OibT2UMLBYgfonVRELIuz"", ""type"": "" (IfcBuilding)""}, {""guid"": ""0gKFhH4357pRQxVB7vb_aZ"", ""type"": ""混凝土 - 矩形 - 柱:500 x 500mm 2:216027 (IfcColumn)""}]",
28,"不合规","[{""guid"": ""2OibT2UMLBYgfonVRELIuz"", ""type"": "" (IfcBuilding)""}, {""guid"": ""0gKFhH4357pRQxVB7vb_ad"", ""type"": ""混凝土 - 矩形 - 柱:500 x 500mm 2:216031 (IfcColumn)""}]",
28,"不合规","[{""guid"": ""2OibT2UMLBYgfonVRELIuz"", ""type"": "" (IfcBuilding)""}, {""guid"": ""0gKFhH4357pRQxVB7vb_ah"", ""type"": ""混凝土 - 矩形 - 柱:500 x 500mm 2:216019 (IfcColumn)""}]",
28,"不合规","[{""guid"": ""2OibT2UMLBYgfonVRELIuz"", ""type"": "" (IfcBuilding)""}, {""guid"": ""0gKFhH4357pRQxVB7vb_ap"", ""type"": ""混凝土 - 矩形 - 柱:500 x 500mm 2:216011 (IfcColumn)""}]",
28,"不合规","[{""guid"": ""2OibT2UMLBYgfonVRELIuz"", ""type"": "" (IfcBuilding)""}, {""guid"": ""0gKFhH4357pRQxVB7vb_ar"", ""type"": ""混凝土 - 矩形 - 柱:500 x 500mm 2:216013 (IfcColumn)""}]",
28,"不合规","[{""guid"": ""2OibT2UMLBYgfonVRELIuz"", ""type"": "" (IfcBuilding)""}, {""guid"": ""0gKFhH4357pRQxVB7vb_at"", ""type"": ""混凝土 - 矩形 - 柱:500 x 500mm 2:216015 (IfcColumn)""}]",
28,"不合规","[{""guid"": ""2OibT2UMLBYgfonVRELIuz"", ""type"": "" (IfcBuilding)""}, {""guid"": ""0gKFhH4357pRQxVB7vb_bn"", ""type"": ""混凝土 - 矩形 - 柱:500 x 500mm 2:215945 (IfcColumn)""}]",
28,"不合规","[{""guid"": ""2OibT2UMLBYgfonVRELIuz"", ""type"": "" (IfcBuilding)""}, {""guid"": ""0gKFhH4357pRQxVB7vb_bp"", ""type"": ""混凝土 - 矩形 - 柱:500 x 500mm 2:215947 (IfcColumn)""}]",
28,"不合规","[{""guid"": ""2OibT2UMLBYgfonVRELIuz"", ""type"": "" (IfcBuilding)""}, {""guid"": ""0gKFhH4357pRQxVB7vb_br"", ""type"": ""混凝土 - 矩形 - 柱:500 x 500mm 2:215949 (IfcColumn)""}]",
28,"不合规","[{""guid"": ""2OibT2UMLBYgfonVRELIuz"", ""type"": "" (IfcBuilding)""}, {""guid"": ""0gKFhH4357pRQxVB7vb_bv"", ""type"": ""混凝土 - 矩形 - 柱:500 x 500mm 2:215937 (IfcColumn)""}]",
28,"不合规","[{""guid"": ""2OibT2UMLBYgfonVRELIuz"", ""type"": "" (IfcBuilding)""}, {""guid"": ""0gKFhH4357pRQxVB7vb_bx"", ""type"": ""混凝土 - 矩形 - 柱:500 x 500mm 2:215939 (IfcColumn)""}]",
28,"不合规","[{""guid"": ""2OibT2UMLBYgfonVRELIuz"", ""type"": "" (IfcBuilding)""}, {""guid"": ""0gKFhH4357pRQxVB7vb_c1"", ""type"": ""混凝土 - 矩形 - 柱:500 x 500mm 2:215929 (IfcColumn)""}]",
28,"不合规","[{""guid"": ""2OibT2UMLBYgfonVRELIuz"", ""type"": "" (IfcBuilding)""}, {""guid"": ""0gKFhH4357pRQxVB7vb_c7"", ""type"": ""混凝土 - 矩形 - 柱:500 x 500mm 2:215935 (IfcColumn)""}]",
28,"不合规","[{""guid"": ""2OibT2UMLBYgfonVRELIuz"", ""type"": "" (IfcBuilding)""}, {""guid"": ""0gKFhH4357pRQxVB7vb_cD"", ""type"": ""混凝土 - 矩形 - 柱:500 x 500mm 2:215925 (IfcColumn)""}]",
28,"不合规","[{""guid"": ""2OibT2UMLBYgfonVRELIuz"", ""type"": "" (IfcBuilding)""}, {""guid"": ""0gKFhH4357pRQxVB7vb_d9"", ""type"": ""混凝土 - 矩形 - 柱:500 x 500mm 2:215857 (IfcColumn)""}]",
28,"不合规","[{""guid"": ""2OibT2UMLBYgfonVRELIuz"", ""type"": "" (IfcBuilding)""}, {""guid"": ""0gKFhH4357pRQxVB7vb_dB"", ""type"": ""混凝土 - 矩形 - 柱:500 x 500mm 2:215859 (IfcColumn)""}]",
28,"不合规","[{""guid"": ""2OibT2UMLBYgfonVRELIuz"", ""type"": "" (IfcBuilding)""}, {""guid"": ""0gKFhH4357pRQxVB7vb_dH"", ""type"": ""混凝土 - 矩形 - 柱:500 x 500mm 2:215849 (IfcColumn)""}]",
28,"不合规","[{""guid"": ""2OibT2UMLBYgfonVRELIuz"", ""type"": "" (IfcBuilding)""}, {""guid"": ""0gKFhH4357pRQxVB7vb_dP"", ""type"": ""混凝土 - 矩形 - 柱:500 x 500mm 2:215841 (IfcColumn)""}]",
28,"不合规","[{""guid"": ""2OibT2UMLBYgfonVRELIuz"", ""type"": "" (IfcBuilding)""}, {""guid"": ""0gKFhH4357pRQxVB7vb_dR"", ""type"": ""混凝土 - 矩形 - 柱:500 x 500mm 2:215843 (IfcColumn)""}]",
28,"不合规","[{""guid"": ""2OibT2UMLBYgfonVRELIuz"", ""type"": "" (IfcBuilding)""}, {""guid"": ""0gKFhH4357pRQxVB7vb_dT"", ""type"": ""混凝土 - 矩形 - 柱:500 x 500mm 2:215845 (IfcColumn)""}]",
28,"不合规","[{""guid"": ""2OibT2UMLBYgfonVRELIuz"", ""type"": "" (IfcBuilding)""}, {""guid"": ""0gKFhH4357pRQxVB7vb_dZ"", ""type"": ""混凝土 - 矩形 - 柱:500 x 500mm 2:215835 (IfcColumn)""}]",
28,"不合规","[{""guid"": ""2OibT2UMLBYgfonVRELIuz"", ""type"": "" (IfcBuilding)""}, {""guid"": ""0gKFhH4357pRQxVB7vb_fu"", ""type"": ""混凝土 - 矩形 - 柱:500 x 500mm 2:215168 (IfcColumn)""}]",
28,"不合规","[{""guid"": ""2OibT2UMLBYgfonVRELIuz"", ""type"": "" (IfcBuilding)""}, {""guid"": ""0gKFhH4357pRQxVB7vb_g6"", ""type"": ""混凝土 - 矩形 - 柱:500 x 500mm 2:215166 (IfcColumn)""}]",
28,"不合规","[{""guid"": ""2OibT2UMLBYgfonVRELIuz"", ""type"": "" (IfcBuilding)""}, {""guid"": ""0gKFhH4357pRQxVB7vb_gf"", ""type"": ""混凝土 - 矩形 - 柱:500 x 500mm 2:215121 (IfcColumn)""}]",
28,"不合规","[{""guid"": ""2OibT2UMLBYgfonVRELIuz"", ""type"": "" (IfcBuilding)""}, {""guid"": ""0gKFhH4357pRQxVB7vb_iX"", ""type"": ""混凝土 - 矩形 - 柱:500 x 500mm 2:215513 (IfcColumn)""}]",
28,"不合规","[{""guid"": ""2OibT2UMLBYgfonVRELIuz"", ""type"": "" (IfcBuilding)""}, {""guid"": ""0gKFhH4357pRQxVB7vb_if"", ""type"": ""混凝土 - 矩形 - 柱:500 x 500mm 2:215505 (IfcColumn)""}]",
28,"不合规","[{""guid"": ""2OibT2UMLBYgfonVRELIuz"", ""type"": "" (IfcBuilding)""}, {""guid"": ""0gKFhH4357pRQxVB7vb_ij"", ""type"": ""混凝土 - 矩形 - 柱:500 x 500mm 2:215509 (IfcColumn)""}]",
28,"不合规","[{""guid"": ""2OibT2UMLBYgfonVRELIuz"", ""type"": "" (IfcBuilding)""}, {""guid"": ""0gKFhH4357pRQxVB7vb_ip"", ""type"": ""混凝土 - 矩形 - 柱:500 x 500mm 2:215499 (IfcColumn)""}]",
28,"不合规","[{""guid"": ""2OibT2UMLBYgfonVRELIuz"", ""type"": "" (IfcBuilding)""}, {""guid"": ""0gKFhH4357pRQxVB7vb_ix"", ""type"": ""混凝土 - 矩形 - 柱:500 x 500mm 2:215491 (IfcColumn)""}]",
28,"不合规","[{""guid"": ""2OibT2UMLBYgfonVRELIuz"", ""type"": "" (IfcBuilding)""}, {""guid"": ""0gKFhH4357pRQxVB7vb_iz"", ""type"": ""混凝土 - 矩形 - 柱:500 x 500mm 2:215493 (IfcColumn)""}]",
28,"不合规","[{""guid"": ""2OibT2UMLBYgfonVRELIuz"", ""type"": "" (IfcBuilding)""}, {""guid"": ""0gKFhH4357pRQxVB7vb_k0"", ""type"": ""混凝土 - 矩形 - 柱:500 x 500mm 2:215416 (IfcColumn)""}]",
28,"不合规","[{""guid"": ""2OibT2UMLBYgfonVRELIuz"", ""type"": "" (IfcBuilding)""}, {""guid"": ""0gKFhH4357pRQxVB7vb_kq"", ""type"": ""混凝土 - 矩形 - 柱:500 x 500mm 2:215372 (IfcColumn)""}]",
28,"不合规","[{""guid"": ""2OibT2UMLBYgfonVRELIuz"", ""type"": "" (IfcBuilding)""}, {""guid"": ""0gKFhH4357pRQxVB7vb_lI"", ""type"": ""混凝土 - 矩形 - 柱:500 x 500mm 2:215338 (IfcColumn)""}]",
28,"不合规","[{""guid"": ""2OibT2UMLBYgfonVRELIuz"", ""type"": "" (IfcBuilding)""}, {""guid"": ""0gKFhH4357pRQxVB7vb_uR"", ""type"": ""混凝土 - 矩形 - 柱:500 x 500mm 2:216291 (IfcColumn)""}]",
28,"不合规","[{""guid"": ""2OibT2UMLBYgfonVRELIuz"", ""type"": "" (IfcBuilding)""}, {""guid"": ""0gKFhH4357pRQxVB7vb_uV"", ""type"": ""混凝土 - 矩形 - 柱:500 x 500mm 2:216295 (IfcColumn)""}]",
28,"不合规","[{""guid"": ""2OibT2UMLBYgfonVRELIuz"", ""type"": "" (IfcBuilding)""}, {""guid"": ""0gKFhH4357pRQxVB7vb_uX"", ""type"": ""混凝土 - 矩形 - 柱:500 x 500mm 2:216281 (IfcColumn)""}]",
28,"不合规","[{""guid"": ""2OibT2UMLBYgfonVRELIuz"", ""type"": "" (IfcBuilding)""}, {""guid"": ""0gKFhH4357pRQxVB7vb_uZ"", ""type"": ""混凝土 - 矩形 - 柱:500 x 500mm 2:216283 (IfcColumn)""}]",
28,"不合规","[{""guid"": ""2OibT2UMLBYgfonVRELIuz"", ""type"": "" (IfcBuilding)""}, {""guid"": ""0gKFhH4357pRQxVB7vb_ub"", ""type"": ""混凝土 - 矩形 - 柱:500 x 500mm 2:216285 (IfcColumn)""}]",
28,"不合规","[{""guid"": ""2OibT2UMLBYgfonVRELIuz"", ""type"": "" (IfcBuilding)""}, {""guid"": ""0gKFhH4357pRQxVB7vb_ud"", ""type"": ""混凝土 - 矩形 - 柱:500 x 500mm 2:216287 (IfcColumn)""}]",
28,"不合规","[{""guid"": ""2OibT2UMLBYgfonVRELIuz"", ""type"": "" (IfcBuilding)""}, {""guid"": ""0gKFhH4357pRQxVB7vb_uf"", ""type"": ""混凝土 - 矩形 - 柱:500 x 500mm 2:216273 (IfcColumn)""}]",
28,"不合规","[{""guid"": ""2OibT2UMLBYgfonVRELIuz"", ""type"": "" (IfcBuilding)""}, {""guid"": ""0gKFhH4357pRQxVB7vb_uj"", ""type"": ""混凝土 - 矩形 - 柱:500 x 500mm 2:216277 (IfcColumn)""}]",
28,"不合规","[{""guid"": ""2OibT2UMLBYgfonVRELIuz"", ""type"": "" (IfcBuilding)""}, {""guid"": ""0gKFhH4357pRQxVB7vb_ul"", ""type"": ""混凝土 - 矩形 - 柱:500 x 500mm 2:216279 (IfcColumn)""}]",
28,"不合规","[{""guid"": ""2OibT2UMLBYgfonVRELIuz"", ""type"": "" (IfcBuilding)""}, {""guid"": ""0gKFhH4357pRQxVB7vb_ut"", ""type"": ""混凝土 - 矩形 - 柱:500 x 500mm 2:216271 (IfcColumn)""}]",
28,"不合规","[{""guid"": ""2OibT2UMLBYgfonVRELIuz"", ""type"": "" (IfcBuilding)""}, {""guid"": ""0gKFhH4357pRQxVB7vb_v$"", ""type"": ""混凝土 - 矩形 - 柱:500 x 500mm 2:216199 (IfcColumn)""}]",
28,"不合规","[{""guid"": ""2OibT2UMLBYgfonVRELIuz"", ""type"": "" (IfcBuilding)""}, {""guid"": ""0gKFhH4357pRQxVB7vb_vp"", ""type"": ""混凝土 - 矩形 - 柱:500 x 500mm 2:216203 (IfcColumn)""}]",
28,"不合规","[{""guid"": ""2OibT2UMLBYgfonVRELIuz"", ""type"": "" (IfcBuilding)""}, {""guid"": ""0gKFhH4357pRQxVB7vb_vt"", ""type"": ""混凝土 - 矩形 - 柱:500 x 500mm 2:216207 (IfcColumn)""}]",
28,"不合规","[{""guid"": ""2OibT2UMLBYgfonVRELIuz"", ""type"": "" (IfcBuilding)""}, {""guid"": ""0gKFhH4357pRQxVB7vb_vx"", ""type"": ""混凝土 - 矩形 - 柱:500 x 500mm 2:216195 (IfcColumn)""}]",
28,"不合规","[{""guid"": ""2OibT2UMLBYgfonVRELIuz"", ""type"": "" (IfcBuilding)""}, {""guid"": ""0gKFhH4357pRQxVB7vb_w5"", ""type"": ""混凝土 - 矩形 - 柱:500 x 500mm 2:216189 (IfcColumn)""}]",
28,"不合规","[{""guid"": ""2OibT2UMLBYgfonVRELIuz"", ""type"": "" (IfcBuilding)""}, {""guid"": ""0gKFhH4357pRQxVB7vb_w7"", ""type"": ""混凝土 - 矩形 - 柱:500 x 500mm 2:216191 (IfcColumn)""}]",
28,"不合规","[{""guid"": ""2OibT2UMLBYgfonVRELIuz"", ""type"": "" (IfcBuilding)""}, {""guid"": ""0gKFhH4357pRQxVB7vb_wF"", ""type"": ""混凝土 - 矩形 - 柱:500 x 500mm 2:216183 (IfcColumn)""}]",
28,"不合规","[{""guid"": ""2OibT2UMLBYgfonVRELIuz"", ""type"": "" (IfcBuilding)""}, {""guid"": ""0gKFhH4357pRQxVB7vb_x1"", ""type"": ""混凝土 - 矩形 - 柱:500 x 500mm 2:216121 (IfcColumn)""}]",
28,"不合规","[{""guid"": ""2OibT2UMLBYgfonVRELIuz"", ""type"": "" (IfcBuilding)""}, {""guid"": ""0gKFhH4357pRQxVB7vb_x9"", ""type"": ""混凝土 - 矩形 - 柱:500 x 500mm 2:216113 (IfcColumn)""}]",
28,"不合规","[{""guid"": ""2OibT2UMLBYgfonVRELIuz"", ""type"": "" (IfcBuilding)""}, {""guid"": ""0gKFhH4357pRQxVB7vb_xB"", ""type"": ""混凝土 - 矩形 - 柱:500 x 500mm 2:216115 (IfcColumn)""}]",
28,"不合规","[{""guid"": ""2OibT2UMLBYgfonVRELIuz"", ""type"": "" (IfcBuilding)""}, {""guid"": ""0gKFhH4357pRQxVB7vb_xH"", ""type"": ""混凝土 - 矩形 - 柱:500 x 500mm 2:216105 (IfcColumn)""}]",
28,"不合规","[{""guid"": ""2OibT2UMLBYgfonVRELIuz"", ""type"": "" (IfcBuilding)""}, {""guid"": ""0gKFhH4357pRQxVB7vb_xJ"", ""type"": ""混凝土 - 矩形 - 柱:500 x 500mm 2:216107 (IfcColumn)""}]",
28,"不合规","[{""guid"": ""2OibT2UMLBYgfonVRELIuz"", ""type"": "" (IfcBuilding)""}, {""guid"": ""0gKFhH4357pRQxVB7vb_xN"", ""type"": ""混凝土 - 矩形 - 柱:500 x 500mm 2:216111 (IfcColumn)""}]",
28,"不合规","[{""guid"": ""2OibT2UMLBYgfonVRELIuz"", ""type"": "" (IfcBuilding)""}, {""guid"": ""0gKFhH4357pRQxVB7vb_xP"", ""type"": ""混凝土 - 矩形 - 柱:500 x 500mm 2:216097 (IfcColumn)""}]",
28,"不合规","[{""guid"": ""2OibT2UMLBYgfonVRELIuz"", ""type"": "" (IfcBuilding)""}, {""guid"": ""2TJvWVuN51mepwyN3rKIG1"", ""type"": ""混凝土 - 矩形 - 柱:500 x 500mm 2:217267 (IfcColumn)""}]",
28,"不合规","[{""guid"": ""2OibT2UMLBYgfonVRELIuz"", ""type"": "" (IfcBuilding)""}, {""guid"": ""2TJvWVuN51mepwyN3rKIGH"", ""type"": ""混凝土 - 矩形 - 柱:500 x 500mm 2:217251 (IfcColumn)""}]",
28,"不合规","[{""guid"": ""2OibT2UMLBYgfonVRELIuz"", ""type"": "" (IfcBuilding)""}, {""guid"": ""2TJvWVuN51mepwyN3rKIGL"", ""type"": ""混凝土 - 矩形 - 柱:500 x 500mm 2:217255 (IfcColumn)""}]",
28,"不合规","[{""guid"": ""2OibT2UMLBYgfonVRELIuz"", ""type"": "" (IfcBuilding)""}, {""guid"": ""2TJvWVuN51mepwyN3rKIGN"", ""type"": ""混凝土 - 矩形 - 柱:500 x 500mm 2:217253 (IfcColumn)""}]",
28,"不合规","[{""guid"": ""2OibT2UMLBYgfonVRELIuz"", ""type"": "" (IfcBuilding)""}, {""guid"": ""2TJvWVuN51mepwyN3rKIGT"", ""type"": ""混凝土 - 矩形 - 柱:500 x 500mm 2:217263 (IfcColumn)""}]",
28,"不合规","[{""guid"": ""2OibT2UMLBYgfonVRELIuz"", ""type"": "" (IfcBuilding)""}, {""guid"": ""2TJvWVuN51mepwyN3rKIGl"", ""type"": ""混凝土 - 矩形 - 柱:500 x 500mm 2:217245 (IfcColumn)""}]",
28,"不合规","[{""guid"": ""2OibT2UMLBYgfonVRELIuz"", ""type"": "" (IfcBuilding)""}, {""guid"": ""2TJvWVuN51mepwyN3rKIH2"", ""type"": ""混凝土 - 矩形 - 柱:500 x 500mm 2:217328 (IfcColumn)""}]",
28,"不合规","[{""guid"": ""2OibT2UMLBYgfonVRELIuz"", ""type"": "" (IfcBuilding)""}, {""guid"": ""2TJvWVuN51mepwyN3rKIHG"", ""type"": ""混凝土 - 矩形 - 柱:500 x 500mm 2:217314 (IfcColumn)""}]",
28,"不合规","[{""guid"": ""2OibT2UMLBYgfonVRELIuz"", ""type"": "" (IfcBuilding)""}, {""guid"": ""2TJvWVuN51mepwyN3rKIHI"", ""type"": ""混凝土 - 矩形 - 柱:500 x 500mm 2:217312 (IfcColumn)""}]",
28,"不合规","[{""guid"": ""2OibT2UMLBYgfonVRELIuz"", ""type"": "" (IfcBuilding)""}, {""guid"": ""2TJvWVuN51mepwyN3rKIHK"", ""type"": ""混凝土 - 矩形 - 柱:500 x 500mm 2:217318 (IfcColumn)""}]",
28,"不合规","[{""guid"": ""2OibT2UMLBYgfonVRELIuz"", ""type"": "" (IfcBuilding)""}, {""guid"": ""2TJvWVuN51mepwyN3rKIHQ"", ""type"": ""混凝土 - 矩形 - 柱:500 x 500mm 2:217320 (IfcColumn)""}]",
28,"不合规","[{""guid"": ""2OibT2UMLBYgfonVRELIuz"", ""type"": "" (IfcBuilding)""}, {""guid"": ""2TJvWVuN51mepwyN3rKIHe"", ""type"": ""混凝土 - 矩形 - 柱:500 x 500mm 2:217306 (IfcColumn)""}]",
28,"不合规","[{""guid"": ""2OibT2UMLBYgfonVRELIuz"", ""type"": "" (IfcBuilding)""}, {""guid"": ""2TJvWVuN51mepwyN3rKIHk"", ""type"": ""混凝土 - 矩形 - 柱:500 x 500mm 2:217308 (IfcColumn)""}]",
28,"不合规","[{""guid"": ""2OibT2UMLBYgfonVRELIuz"", ""type"": "" (IfcBuilding)""}, {""guid"": ""2TJvWVuN51mepwyN3rKII3"", ""type"": ""混凝土 - 矩形 - 柱:500 x 500mm 2:217137 (IfcColumn)""}]",
28,"不合规","[{""guid"": ""2OibT2UMLBYgfonVRELIuz"", ""type"": "" (IfcBuilding)""}, {""guid"": ""2TJvWVuN51mepwyN3rKII5"", ""type"": ""混凝土 - 矩形 - 柱:500 x 500mm 2:217143 (IfcColumn)""}]",
28,"不合规","[{""guid"": ""2OibT2UMLBYgfonVRELIuz"", ""type"": "" (IfcBuilding)""}, {""guid"": ""2TJvWVuN51mepwyN3rKII7"", ""type"": ""混凝土 - 矩形 - 柱:500 x 500mm 2:217141 (IfcColumn)""}]",
28,"不合规","[{""guid"": ""2OibT2UMLBYgfonVRELIuz"", ""type"": "" (IfcBuilding)""}, {""guid"": ""2TJvWVuN51mepwyN3rKIIH"", ""type"": ""混凝土 - 矩形 - 柱:500 x 500mm 2:217123 (IfcColumn)""}]",
28,"不合规","[{""guid"": ""2OibT2UMLBYgfonVRELIuz"", ""type"": "" (IfcBuilding)""}, {""guid"": ""2TJvWVuN51mepwyN3rKIIL"", ""type"": ""混凝土 - 矩形 - 柱:500 x 500mm 2:217127 (IfcColumn)""}]",
28,"不合规","[{""guid"": ""2OibT2UMLBYgfonVRELIuz"", ""type"": "" (IfcBuilding)""}, {""guid"": ""2TJvWVuN51mepwyN3rKIIP"", ""type"": ""混凝土 - 矩形 - 柱:500 x 500mm 2:217131 (IfcColumn)""}]",
28,"不合规","[{""guid"": ""2OibT2UMLBYgfonVRELIuz"", ""type"": "" (IfcBuilding)""}, {""guid"": ""2TJvWVuN51mepwyN3rKIIR"", ""type"": ""混凝土 - 矩形 - 柱:500 x 500mm 2:217129 (IfcColumn)""}]",
28,"不合规","[{""guid"": ""2OibT2UMLBYgfonVRELIuz"", ""type"": "" (IfcBuilding)""}, {""guid"": ""2TJvWVuN51mepwyN3rKIIj"", ""type"": ""混凝土 - 矩形 - 柱:500 x 500mm 2:217119 (IfcColumn)""}]",
28,"不合规","[{""guid"": ""2OibT2UMLBYgfonVRELIuz"", ""type"": "" (IfcBuilding)""}, {""guid"": ""2TJvWVuN51mepwyN3rKIJ0"", ""type"": ""混凝土 - 矩形 - 柱:500 x 500mm 2:217202 (IfcColumn)""}]",
28,"不合规","[{""guid"": ""2OibT2UMLBYgfonVRELIuz"", ""type"": "" (IfcBuilding)""}, {""guid"": ""2TJvWVuN51mepwyN3rKIJ6"", ""type"": ""混凝土 - 矩形 - 柱:500 x 500mm 2:217204 (IfcColumn)""}]",
28,"不合规","[{""guid"": ""2OibT2UMLBYgfonVRELIuz"", ""type"": "" (IfcBuilding)""}, {""guid"": ""2TJvWVuN51mepwyN3rKIJG"", ""type"": ""混凝土 - 矩形 - 柱:500 x 500mm 2:217186 (IfcColumn)""}]",
28,"不合规","[{""guid"": ""2OibT2UMLBYgfonVRELIuz"", ""type"": "" (IfcBuilding)""}, {""guid"": ""2TJvWVuN51mepwyN3rKIJM"", ""type"": ""混凝土 - 矩形 - 柱:500 x 500mm 2:217188 (IfcColumn)""}]",
28,"不合规","[{""guid"": ""2OibT2UMLBYgfonVRELIuz"", ""type"": "" (IfcBuilding)""}, {""guid"": ""2TJvWVuN51mepwyN3rKIJU"", ""type"": ""混凝土 - 矩形 - 柱:500 x 500mm 2:217196 (IfcColumn)""}]",
28,"不合规","[{""guid"": ""2OibT2UMLBYgfonVRELIuz"", ""type"": "" (IfcBuilding)""}, {""guid"": ""2TJvWVuN51mepwyN3rKIJi"", ""type"": ""混凝土 - 矩形 - 柱:500 x 500mm 2:217182 (IfcColumn)""}]",
28,"不合规","[{""guid"": ""2OibT2UMLBYgfonVRELIuz"", ""type"": "" (IfcBuilding)""}, {""guid"": ""2TJvWVuN51mepwyN3rKIJk"", ""type"": ""混凝土 - 矩形 - 柱:500 x 500mm 2:217180 (IfcColumn)""}]",
28,"不合规","[{""guid"": ""2OibT2UMLBYgfonVRELIuz"", ""type"": "" (IfcBuilding)""}, {""guid"": ""2TJvWVuN51mepwyN3rKIKH"", ""type"": ""混凝土 - 矩形 - 柱:500 x 500mm 2:217507 (IfcColumn)""}]",
28,"不合规","[{""guid"": ""2OibT2UMLBYgfonVRELIuz"", ""type"": "" (IfcBuilding)""}, {""guid"": ""2TJvWVuN51mepwyN3rKIKL"", ""type"": ""混凝土 - 矩形 - 柱:500 x 500mm 2:217511 (IfcColumn)""}]",
28,"不合规","[{""guid"": ""2OibT2UMLBYgfonVRELIuz"", ""type"": "" (IfcBuilding)""}, {""guid"": ""2TJvWVuN51mepwyN3rKIKN"", ""type"": ""混凝土 - 矩形 - 柱:500 x 500mm 2:217509 (IfcColumn)""}]",
28,"不合规","[{""guid"": ""2OibT2UMLBYgfonVRELIuz"", ""type"": "" (IfcBuilding)""}, {""guid"": ""2TJvWVuN51mepwyN3rKIKP"", ""type"": ""混凝土 - 矩形 - 柱:500 x 500mm 2:217515 (IfcColumn)""}]",
28,"不合规","[{""guid"": ""2OibT2UMLBYgfonVRELIuz"", ""type"": "" (IfcBuilding)""}, {""guid"": ""2TJvWVuN51mepwyN3rKIKR"", ""type"": ""混凝土 - 矩形 - 柱:500 x 500mm 2:217513 (IfcColumn)""}]",
28,"不合规","[{""guid"": ""2OibT2UMLBYgfonVRELIuz"", ""type"": "" (IfcBuilding)""}, {""guid"": ""2TJvWVuN51mepwyN3rKIKV"", ""type"": ""混凝土 - 矩形 - 柱:500 x 500mm 2:217517 (IfcColumn)""}]",
28,"不合规","[{""guid"": ""2OibT2UMLBYgfonVRELIuz"", ""type"": "" (IfcBuilding)""}, {""guid"": ""2TJvWVuN51mepwyN3rKIKb"", ""type"": ""混凝土 - 矩形 - 柱:500 x 500mm 2:217495 (IfcColumn)""}]",
28,"不合规","[{""guid"": ""2OibT2UMLBYgfonVRELIuz"", ""type"": "" (IfcBuilding)""}, {""guid"": ""2TJvWVuN51mepwyN3rKIKd"", ""type"": ""混凝土 - 矩形 - 柱:500 x 500mm 2:217493 (IfcColumn)""}]",
28,"不合规","[{""guid"": ""2OibT2UMLBYgfonVRELIuz"", ""type"": "" (IfcBuilding)""}, {""guid"": ""2TJvWVuN51mepwyN3rKIKl"", ""type"": ""混凝土 - 矩形 - 柱:500 x 500mm 2:217501 (IfcColumn)""}]",
28,"不合规","[{""guid"": ""2OibT2UMLBYgfonVRELIuz"", ""type"": "" (IfcBuilding)""}, {""guid"": ""2TJvWVuN51mepwyN3rKILI"", ""type"": ""混凝土 - 矩形 - 柱:500 x 500mm 2:217568 (IfcColumn)""}]",
28,"不合规","[{""guid"": ""2OibT2UMLBYgfonVRELIuz"", ""type"": "" (IfcBuilding)""}, {""guid"": ""2TJvWVuN51mepwyN3rKILK"", ""type"": ""混凝土 - 矩形 - 柱:500 x 500mm 2:217574 (IfcColumn)""}]",
28,"不合规","[{""guid"": ""2OibT2UMLBYgfonVRELIuz"", ""type"": "" (IfcBuilding)""}, {""guid"": ""2TJvWVuN51mepwyN3rKILO"", ""type"": ""混凝土 - 矩形 - 柱:500 x 500mm 2:217578 (IfcColumn)""}]",
28,"不合规","[{""guid"": ""2OibT2UMLBYgfonVRELIuz"", ""type"": "" (IfcBuilding)""}, {""guid"": ""2TJvWVuN51mepwyN3rKILU"", ""type"": ""混凝土 - 矩形 - 柱:500 x 500mm 2:217580 (IfcColumn)""}]",
28,"不合规","[{""guid"": ""2OibT2UMLBYgfonVRELIuz"", ""type"": "" (IfcBuilding)""}, {""guid"": ""2TJvWVuN51mepwyN3rKILc"", ""type"": ""混凝土 - 矩形 - 柱:500 x 500mm 2:217556 (IfcColumn)""}]",
28,"不合规","[{""guid"": ""2OibT2UMLBYgfonVRELIuz"", ""type"": "" (IfcBuilding)""}, {""guid"": ""2TJvWVuN51mepwyN3rKILe"", ""type"": ""混凝土 - 矩形 - 柱:500 x 500mm 2:217562 (IfcColumn)""}]",
28,"不合规","[{""guid"": ""2OibT2UMLBYgfonVRELIuz"", ""type"": "" (IfcBuilding)""}, {""guid"": ""2TJvWVuN51mepwyN3rKIM3"", ""type"": ""混凝土 - 矩形 - 柱:500 x 500mm 2:217393 (IfcColumn)""}]",
28,"不合规","[{""guid"": ""2OibT2UMLBYgfonVRELIuz"", ""type"": "" (IfcBuilding)""}, {""guid"": ""2TJvWVuN51mepwyN3rKIMH"", ""type"": ""混凝土 - 矩形 - 柱:500 x 500mm 2:217379 (IfcColumn)""}]",
28,"不合规","[{""guid"": ""2OibT2UMLBYgfonVRELIuz"", ""type"": "" (IfcBuilding)""}, {""guid"": ""2TJvWVuN51mepwyN3rKIMJ"", ""type"": ""混凝土 - 矩形 - 柱:500 x 500mm 2:217377 (IfcColumn)""}]",
28,"不合规","[{""guid"": ""2OibT2UMLBYgfonVRELIuz"", ""type"": "" (IfcBuilding)""}, {""guid"": ""2TJvWVuN51mepwyN3rKIMR"", ""type"": ""混凝土 - 矩形 - 柱:500 x 500mm 2:217385 (IfcColumn)""}]",
28,"不合规","[{""guid"": ""2OibT2UMLBYgfonVRELIuz"", ""type"": "" (IfcBuilding)""}, {""guid"": ""2TJvWVuN51mepwyN3rKIMV"", ""type"": ""混凝土 - 矩形 - 柱:500 x 500mm 2:217389 (IfcColumn)""}]",
28,"不合规","[{""guid"": ""2OibT2UMLBYgfonVRELIuz"", ""type"": "" (IfcBuilding)""}, {""guid"": ""2TJvWVuN51mepwyN3rKIMf"", ""type"": ""混凝土 - 矩形 - 柱:500 x 500mm 2:217371 (IfcColumn)""}]",
28,"不合规","[{""guid"": ""2OibT2UMLBYgfonVRELIuz"", ""type"": "" (IfcBuilding)""}, {""guid"": ""2TJvWVuN51mepwyN3rKIMh"", ""type"": ""混凝土 - 矩形 - 柱:500 x 500mm 2:217369 (IfcColumn)""}]",
28,"不合规","[{""guid"": ""2OibT2UMLBYgfonVRELIuz"", ""type"": "" (IfcBuilding)""}, {""guid"": ""2TJvWVuN51mepwyN3rKIMj"", ""type"": ""混凝土 - 矩形 - 柱:500 x 500mm 2:217375 (IfcColumn)""}]",
28,"不合规","[{""guid"": ""2OibT2UMLBYgfonVRELIuz"", ""type"": "" (IfcBuilding)""}, {""guid"": ""2TJvWVuN51mepwyN3rKIMl"", ""type"": ""混凝土 - 矩形 - 柱:500 x 500mm 2:217373 (IfcColumn)""}]",
28,"不合规","[{""guid"": ""2OibT2UMLBYgfonVRELIuz"", ""type"": "" (IfcBuilding)""}, {""guid"": ""2TJvWVuN51mepwyN3rKINK"", ""type"": ""混凝土 - 矩形 - 柱:500 x 500mm 2:217446 (IfcColumn)""}]",
28,"不合规","[{""guid"": ""2OibT2UMLBYgfonVRELIuz"", ""type"": "" (IfcBuilding)""}, {""guid"": ""2TJvWVuN51mepwyN3rKINO"", ""type"": ""混凝土 - 矩形 - 柱:500 x 500mm 2:217450 (IfcColumn)""}]",
28,"不合规","[{""guid"": ""2OibT2UMLBYgfonVRELIuz"", ""type"": "" (IfcBuilding)""}, {""guid"": ""2TJvWVuN51mepwyN3rKINU"", ""type"": ""混凝土 - 矩形 - 柱:500 x 500mm 2:217452 (IfcColumn)""}]",
28,"不合规","[{""guid"": ""2OibT2UMLBYgfonVRELIuz"", ""type"": "" (IfcBuilding)""}, {""guid"": ""2TJvWVuN51mepwyN3rKINg"", ""type"": ""混凝土 - 矩形 - 柱:500 x 500mm 2:217432 (IfcColumn)""}]",
28,"不合规","[{""guid"": ""2OibT2UMLBYgfonVRELIuz"", ""type"": "" (IfcBuilding)""}, {""guid"": ""2TJvWVuN51mepwyN3rKIQP"", ""type"": ""混凝土 - 矩形 - 柱:500 x 500mm 2:217643 (IfcColumn)""}]",
28,"不合规","[{""guid"": ""2OibT2UMLBYgfonVRELIuz"", ""type"": "" (IfcBuilding)""}, {""guid"": ""2TJvWVuN51mepwyN3rKIQX"", ""type"": ""混凝土 - 矩形 - 柱:500 x 500mm 2:217619 (IfcColumn)""}]",
28,"不合规","[{""guid"": ""2OibT2UMLBYgfonVRELIuz"", ""type"": "" (IfcBuilding)""}, {""guid"": ""2TJvWVuN51mepwyN3rKIQd"", ""type"": ""混凝土 - 矩形 - 柱:500 x 500mm 2:217621 (IfcColumn)""}]",
28,"不合规","[{""guid"": ""2OibT2UMLBYgfonVRELIuz"", ""type"": "" (IfcBuilding)""}, {""guid"": ""2TJvWVuN51mepwyN3rKIQh"", ""type"": ""混凝土 - 矩形 - 柱:500 x 500mm 2:217625 (IfcColumn)""}]",
28,"不合规","[{""guid"": ""2OibT2UMLBYgfonVRELIuz"", ""type"": "" (IfcBuilding)""}, {""guid"": ""2TJvWVuN51mepwyN3rKIQj"", ""type"": ""混凝土 - 矩形 - 柱:500 x 500mm 2:217631 (IfcColumn)""}]",
28,"不合规","[{""guid"": ""2OibT2UMLBYgfonVRELIuz"", ""type"": "" (IfcBuilding)""}, {""guid"": ""2TJvWVuN51mepwyN3rKIQl"", ""type"": ""混凝土 - 矩形 - 柱:500 x 500mm 2:217629 (IfcColumn)""}]",
28,"不合规","[{""guid"": ""2OibT2UMLBYgfonVRELIuz"", ""type"": "" (IfcBuilding)""}, {""guid"": ""2TJvWVuN51mepwyN3rKJf2"", ""type"": ""混凝土 - 矩形 - 柱:500 x 500mm 2:216816 (IfcColumn)""}]",
28,"不合规","[{""guid"": ""2OibT2UMLBYgfonVRELIuz"", ""type"": "" (IfcBuilding)""}, {""guid"": ""2TJvWVuN51mepwyN3rKJfF"", ""type"": ""混凝土 - 矩形 - 柱:500 x 500mm 2:216829 (IfcColumn)""}]",
28,"不合规","[{""guid"": ""2OibT2UMLBYgfonVRELIuz"", ""type"": "" (IfcBuilding)""}, {""guid"": ""2TJvWVuN51mepwyN3rKJi1"", ""type"": ""混凝土 - 矩形 - 柱:500 x 500mm 2:217011 (IfcColumn)""}]",
28,"不合规","[{""guid"": ""2OibT2UMLBYgfonVRELIuz"", ""type"": "" (IfcBuilding)""}, {""guid"": ""2TJvWVuN51mepwyN3rKJi7"", ""type"": ""混凝土 - 矩形 - 柱:500 x 500mm 2:217013 (IfcColumn)""}]",
28,"不合规","[{""guid"": ""2OibT2UMLBYgfonVRELIuz"", ""type"": "" (IfcBuilding)""}, {""guid"": ""2TJvWVuN51mepwyN3rKJiH"", ""type"": ""混凝土 - 矩形 - 柱:500 x 500mm 2:216995 (IfcColumn)""}]",
28,"不合规","[{""guid"": ""2OibT2UMLBYgfonVRELIuz"", ""type"": "" (IfcBuilding)""}, {""guid"": ""2TJvWVuN51mepwyN3rKJiL"", ""type"": ""混凝土 - 矩形 - 柱:500 x 500mm 2:216999 (IfcColumn)""}]",
28,"不合规","[{""guid"": ""2OibT2UMLBYgfonVRELIuz"", ""type"": "" (IfcBuilding)""}, {""guid"": ""2TJvWVuN51mepwyN3rKJiV"", ""type"": ""混凝土 - 矩形 - 柱:500 x 500mm 2:217005 (IfcColumn)""}]",
28,"不合规","[{""guid"": ""2OibT2UMLBYgfonVRELIuz"", ""type"": "" (IfcBuilding)""}, {""guid"": ""2TJvWVuN51mepwyN3rKJj4"", ""type"": ""混凝土 - 矩形 - 柱:500 x 500mm 2:217078 (IfcColumn)""}]",
28,"不合规","[{""guid"": ""2OibT2UMLBYgfonVRELIuz"", ""type"": "" (IfcBuilding)""}, {""guid"": ""2TJvWVuN51mepwyN3rKJjA"", ""type"": ""混凝土 - 矩形 - 柱:500 x 500mm 2:217080 (IfcColumn)""}]",
28,"不合规","[{""guid"": ""2OibT2UMLBYgfonVRELIuz"", ""type"": "" (IfcBuilding)""}, {""guid"": ""2TJvWVuN51mepwyN3rKJjO"", ""type"": ""混凝土 - 矩形 - 柱:500 x 500mm 2:217066 (IfcColumn)""}]",
28,"不合规","[{""guid"": ""2OibT2UMLBYgfonVRELIuz"", ""type"": "" (IfcBuilding)""}, {""guid"": ""2TJvWVuN51mepwyN3rKJjS"", ""type"": ""混凝土 - 矩形 - 柱:500 x 500mm 2:217070 (IfcColumn)""}]",
28,"不合规","[{""guid"": ""2OibT2UMLBYgfonVRELIuz"", ""type"": "" (IfcBuilding)""}, {""guid"": ""2TJvWVuN51mepwyN3rKJk7"", ""type"": ""混凝土 - 矩形 - 柱:500 x 500mm 2:216885 (IfcColumn)""}]",
28,"不合规","[{""guid"": ""2OibT2UMLBYgfonVRELIuz"", ""type"": "" (IfcBuilding)""}, {""guid"": ""2TJvWVuN51mepwyN3rKJkQ"", ""type"": ""混凝土 - 矩形 - 柱:500 x 500mm 2:216872 (IfcColumn)""}]",
28,"不合规","[{""guid"": ""2OibT2UMLBYgfonVRELIuz"", ""type"": "" (IfcBuilding)""}, {""guid"": ""2TJvWVuN51mepwyN3rKJkh"", ""type"": ""混凝土 - 矩形 - 柱:500 x 500mm 2:216857 (IfcColumn)""}]",
28,"不合规","[{""guid"": ""2OibT2UMLBYgfonVRELIuz"", ""type"": "" (IfcBuilding)""}, {""guid"": ""2TJvWVuN51mepwyN3rKJlI"", ""type"": ""混凝土 - 矩形 - 柱:500 x 500mm 2:216928 (IfcColumn)""}]",
28,"不合规","[{""guid"": ""2OibT2UMLBYgfonVRELIuz"", ""type"": "" (IfcBuilding)""}, {""guid"": ""2TJvWVuN51mepwyN3rKJlZ"", ""type"": ""混凝土 - 矩形 - 柱:500 x 500mm 2:216913 (IfcColumn)""}]",
29,"不合规","[{""guid"": ""2OibT2UMLBYgfonVRELIuz"", ""type"": "" (IfcBuilding)""}, {""guid"": ""0BQfC5xMrD0RyTBtqcy1Z1"", ""type"": ""热轧H型钢:HW400x400x13x21:218244 (IfcBeam)""}]",
29,"不合规","[{""guid"": ""2OibT2UMLBYgfonVRELIuz"", ""type"": "" (IfcBuilding)""}, {""guid"": ""0BQfC5xMrD0RyTBtqcy1ZT"", ""type"": ""热轧H型钢:HW400x400x13x21:218264 (IfcBeam)""}]",
29,"不合规","[{""guid"": ""2OibT2UMLBYgfonVRELIuz"", ""type"": "" (IfcBuilding)""}, {""guid"": ""0BQfC5xMrD0RyTBtqcy1ZZ"", ""type"": ""热轧H型钢:HW400x400x13x21:218278 (IfcBeam)""}]",
29,"不合规","[{""guid"": ""2OibT2UMLBYgfonVRELIuz"", ""type"": "" (IfcBuilding)""}, {""guid"": ""0BQfC5xMrD0RyTBtqcy1Zx"", ""type"": ""热轧H型钢:HW400x400x13x21:218302 (IfcBeam)""}]",
29,"不合规","[{""guid"": ""2OibT2UMLBYgfonVRELIuz"", ""type"": "" (IfcBuilding)""}, {""guid"": ""0BQfC5xMrD0RyTBtqcy1_Q"", ""type"": ""热轧H型钢:HW400x400x13x21:218079 (IfcBeam)""}]",
29,"不合规","[{""guid"": ""2OibT2UMLBYgfonVRELIuz"", ""type"": "" (IfcBuilding)""}, {""guid"": ""0BQfC5xMrD0RyTBtqcy1aP"", ""type"": ""热轧H型钢:HW400x400x13x21:218460 (IfcBeam)""}]",
29,"不合规","[{""guid"": ""2OibT2UMLBYgfonVRELIuz"", ""type"": "" (IfcBuilding)""}, {""guid"": ""0BQfC5xMrD0RyTBtqcy1aZ"", ""type"": ""热轧H型钢:HW400x400x13x21:218470 (IfcBeam)""}]",
29,"不合规","[{""guid"": ""2OibT2UMLBYgfonVRELIuz"", ""type"": "" (IfcBuilding)""}, {""guid"": ""0BQfC5xMrD0RyTBtqcy1av"", ""type"": ""热轧H型钢:HW400x400x13x21:218492 (IfcBeam)""}]",
29,"不合规","[{""guid"": ""2OibT2UMLBYgfonVRELIuz"", ""type"": "" (IfcBuilding)""}, {""guid"": ""0BQfC5xMrD0RyTBtqcy1bL"", ""type"": ""热轧H型钢:HW400x400x13x21:218384 (IfcBeam)""}]",
29,"不合规","[{""guid"": ""2OibT2UMLBYgfonVRELIuz"", ""type"": "" (IfcBuilding)""}, {""guid"": ""0BQfC5xMrD0RyTBtqcy1bX"", ""type"": ""热轧H型钢:HW400x400x13x21:218404 (IfcBeam)""}]",
29,"不合规","[{""guid"": ""2OibT2UMLBYgfonVRELIuz"", ""type"": "" (IfcBuilding)""}, {""guid"": ""0BQfC5xMrD0RyTBtqcy1bn"", ""type"": ""热轧H型钢:HW400x400x13x21:218420 (IfcBeam)""}]",
29,"不合规","[{""guid"": ""2OibT2UMLBYgfonVRELIuz"", ""type"": "" (IfcBuilding)""}, {""guid"": ""0BQfC5xMrD0RyTBtqcy1cm"", ""type"": ""热轧H型钢:HW400x400x13x21:218613 (IfcBeam)""}]",
29,"不合规","[{""guid"": ""2OibT2UMLBYgfonVRELIuz"", ""type"": "" (IfcBuilding)""}, {""guid"": ""0BQfC5xMrD0RyTBtqcy1eP"", ""type"": ""热轧H型钢:HW400x400x13x21:218716 (IfcBeam)""}]",
29,"不合规","[{""guid"": ""2OibT2UMLBYgfonVRELIuz"", ""type"": "" (IfcBuilding)""}, {""guid"": ""0BQfC5xMrD0RyTBtqcy1en"", ""type"": ""热轧H型钢:HW400x400x13x21:218740 (IfcBeam)""}]",
29,"不合规","[{""guid"": ""2OibT2UMLBYgfonVRELIuz"", ""type"": "" (IfcBuilding)""}, {""guid"": ""0BQfC5xMrD0RyTBtqcy1g0"", ""type"": ""热轧H型钢:HW400x400x13x21:218821 (IfcBeam)""}]",
29,"不合规","[{""guid"": ""2OibT2UMLBYgfonVRELIuz"", ""type"": "" (IfcBuilding)""}, {""guid"": ""0BQfC5xMrD0RyTBtqcy1gK"", ""type"": ""热轧H型钢:HW400x400x13x21:218833 (IfcBeam)""}]",
29,"不合规","[{""guid"": ""2OibT2UMLBYgfonVRELIuz"", ""type"": "" (IfcBuilding)""}, {""guid"": ""0BQfC5xMrD0RyTBtqcy1he"", ""type"": ""热轧H型钢:HW400x400x13x21:218797 (IfcBeam)""}]",
29,"不合规","[{""guid"": ""2OibT2UMLBYgfonVRELIuz"", ""type"": "" (IfcBuilding)""}, {""guid"": ""0BQfC5xMrD0RyTBtqcy1hy"", ""type"": ""热轧H型钢:HW400x400x13x21:218809 (IfcBeam)""}]",
29,"不合规","[{""guid"": ""2OibT2UMLBYgfonVRELIuz"", ""type"": "" (IfcBuilding)""}, {""guid"": ""0BQfC5xMrD0RyTBtqcy1in"", ""type"": ""热轧H型钢:HW400x400x13x21:218996 (IfcBeam)""}]",
29,"不合规","[{""guid"": ""2OibT2UMLBYgfonVRELIuz"", ""type"": "" (IfcBuilding)""}, {""guid"": ""0BQfC5xMrD0RyTBtqcy1jW"", ""type"": ""热轧H型钢:HW400x400x13x21:218917 (IfcBeam)""}]",
29,"不合规","[{""guid"": ""2OibT2UMLBYgfonVRELIuz"", ""type"": "" (IfcBuilding)""}, {""guid"": ""0BQfC5xMrD0RyTBtqcy1jj"", ""type"": ""热轧H型钢:HW400x400x13x21:218920 (IfcBeam)""}]",
29,"不合规","[{""guid"": ""2OibT2UMLBYgfonVRELIuz"", ""type"": "" (IfcBuilding)""}, {""guid"": ""0BQfC5xMrD0RyTBtqcy1jz"", ""type"": ""热轧H型钢:HW400x400x13x21:218936 (IfcBeam)""}]",
29,"不合规","[{""guid"": ""2OibT2UMLBYgfonVRELIuz"", ""type"": "" (IfcBuilding)""}, {""guid"": ""0BQfC5xMrD0RyTBtqcy1k0"", ""type"": ""热轧H型钢:HW400x400x13x21:219077 (IfcBeam)""}]",
29,"不合规","[{""guid"": ""2OibT2UMLBYgfonVRELIuz"", ""type"": "" (IfcBuilding)""}, {""guid"": ""0BQfC5xMrD0RyTBtqcy1kJ"", ""type"": ""热轧H型钢:HW400x400x13x21:219094 (IfcBeam)""}]",
29,"不合规","[{""guid"": ""2OibT2UMLBYgfonVRELIuz"", ""type"": "" (IfcBuilding)""}, {""guid"": ""0BQfC5xMrD0RyTBtqcy1lJ"", ""type"": ""热轧H型钢:HW400x400x13x21:219030 (IfcBeam)""}]",
29,"不合规","[{""guid"": ""2OibT2UMLBYgfonVRELIuz"", ""type"": "" (IfcBuilding)""}, {""guid"": ""0BQfC5xMrD0RyTBtqcy1lY"", ""type"": ""热轧H型钢:HW400x400x13x21:219047 (IfcBeam)""}]",
29,"不合规","[{""guid"": ""2OibT2UMLBYgfonVRELIuz"", ""type"": "" (IfcBuilding)""}, {""guid"": ""0BQfC5xMrD0RyTBtqcy1yM"", ""type"": ""热轧H型钢:HW400x400x13x21:217939 (IfcBeam)""}]",
30,"不合规","[{""guid"": ""2WoqTfK6H4ixXkt521zO2i"", ""type"": ""楼板:常规 - 120mm 2:219792 (IfcSlab)""}]",
23,"合规","[{""guid"": ""2OibT2UMLBYgfonVRELIuz"", ""type"": "" (IfcBuilding)""}, {""guid"": ""0TDMvFTNHFH99lCoq9QHPU"", ""type"": ""基本墙:常规 - 200mm:221209 (IfcWall)""}]",
28,"合规","[{""guid"": ""2OibT2UMLBYgfonVRELIuz"", ""type"": "" (IfcBuilding)""}, {""guid"": ""0gKFhH4357pRQxVB7vb_$1"", ""type"": ""混凝土 - 矩形 - 柱:500 x 500mm 2:216377 (IfcColumn)""}]",
28,"合规","[{""guid"": ""2OibT2UMLBYgfonVRELIuz"", ""type"": "" (IfcBuilding)""}, {""guid"": ""0gKFhH4357pRQxVB7vb_$3"", ""type"": ""混凝土 - 矩形 - 柱:500 x 500mm 2:216379 (IfcColumn)""}]",
28,"合规","[{""guid"": ""2OibT2UMLBYgfonVRELIuz"", ""type"": "" (IfcBuilding)""}, {""guid"": ""0gKFhH4357pRQxVB7vb_$9"", ""type"": ""混凝土 - 矩形 - 柱:500 x 500mm 2:216369 (IfcColumn)""}]",
28,"合规","[{""guid"": ""2OibT2UMLBYgfonVRELIuz"", ""type"": "" (IfcBuilding)""}, {""guid"": ""0gKFhH4357pRQxVB7vb_$D"", ""type"": ""混凝土 - 矩形 - 柱:500 x 500mm 2:216373 (IfcColumn)""}]",
28,"合规","[{""guid"": ""2OibT2UMLBYgfonVRELIuz"", ""type"": "" (IfcBuilding)""}, {""guid"": ""0gKFhH4357pRQxVB7vb_$F"", ""type"": ""混凝土 - 矩形 - 柱:500 x 500mm 2:216375 (IfcColumn)""}]",
28,"合规","[{""guid"": ""2OibT2UMLBYgfonVRELIuz"", ""type"": "" (IfcBuilding)""}, {""guid"": ""0gKFhH4357pRQxVB7vb_$J"", ""type"": ""混凝土 - 矩形 - 柱:500 x 500mm 2:216363 (IfcColumn)""}]",
28,"合规","[{""guid"": ""2OibT2UMLBYgfonVRELIuz"", ""type"": "" (IfcBuilding)""}, {""guid"": ""0gKFhH4357pRQxVB7vb_$L"", ""type"": ""混凝土 - 矩形 - 柱:500 x 500mm 2:216365 (IfcColumn)""}]",
28,"合规","[{""guid"": ""2OibT2UMLBYgfonVRELIuz"", ""type"": "" (IfcBuilding)""}, {""guid"": ""0gKFhH4357pRQxVB7vb_$N"", ""type"": ""混凝土 - 矩形 - 柱:500 x 500mm 2:216367 (IfcColumn)""}]",
28,"合规","[{""guid"": ""2OibT2UMLBYgfonVRELIuz"", ""type"": "" (IfcBuilding)""}, {""guid"": ""0gKFhH4357pRQxVB7vb_$V"", ""type"": ""混凝土 - 矩形 - 柱:500 x 500mm 2:216359 (IfcColumn)""}]",
28,"合规","[{""guid"": ""2OibT2UMLBYgfonVRELIuz"", ""type"": "" (IfcBuilding)""}, {""guid"": ""0gKFhH4357pRQxVB7vb_Wf"", ""type"": ""混凝土 - 矩形 - 柱:500 x 500mm 2:215761 (IfcColumn)""}]",
28,"合规","[{""guid"": ""2OibT2UMLBYgfonVRELIuz"", ""type"": "" (IfcBuilding)""}, {""guid"": ""0gKFhH4357pRQxVB7vb_Wh"", ""type"": ""混凝土 - 矩形 - 柱:500 x 500mm 2:215763 (IfcColumn)""}]",
28,"合规","[{""guid"": ""2OibT2UMLBYgfonVRELIuz"", ""type"": "" (IfcBuilding)""}, {""guid"": ""0gKFhH4357pRQxVB7vb_Wl"", ""type"": ""混凝土 - 矩形 - 柱:500 x 500mm 2:215767 (IfcColumn)""}]",
28,"合规","[{""guid"": ""2OibT2UMLBYgfonVRELIuz"", ""type"": "" (IfcBuilding)""}, {""guid"": ""0gKFhH4357pRQxVB7vb_Wr"", ""type"": ""混凝土 - 矩形 - 柱:500 x 500mm 2:215757 (IfcColumn)""}]",
28,"合规","[{""guid"": ""2OibT2UMLBYgfonVRELIuz"", ""type"": "" (IfcBuilding)""}, {""guid"": ""0gKFhH4357pRQxVB7vb_Wt"", ""type"": ""混凝土 - 矩形 - 柱:500 x 500mm 2:215759 (IfcColumn)""}]",
28,"合规","[{""guid"": ""2OibT2UMLBYgfonVRELIuz"", ""type"": "" (IfcBuilding)""}, {""guid"": ""0gKFhH4357pRQxVB7vb_Wz"", ""type"": ""混凝土 - 矩形 - 柱:500 x 500mm 2:215749 (IfcColumn)""}]",
28,"合规","[{""guid"": ""2OibT2UMLBYgfonVRELIuz"", ""type"": "" (IfcBuilding)""}, {""guid"": ""0gKFhH4357pRQxVB7vb_Xv"", ""type"": ""混凝土 - 矩形 - 柱:500 x 500mm 2:215681 (IfcColumn)""}]",
28,"合规","[{""guid"": ""2OibT2UMLBYgfonVRELIuz"", ""type"": "" (IfcBuilding)""}, {""guid"": ""0gKFhH4357pRQxVB7vb_Xz"", ""type"": ""混凝土 - 矩形 - 柱:500 x 500mm 2:215685 (IfcColumn)""}]",
28,"合规","[{""guid"": ""2OibT2UMLBYgfonVRELIuz"", ""type"": "" (IfcBuilding)""}, {""guid"": ""0gKFhH4357pRQxVB7vb_Y3"", ""type"": ""混凝土 - 矩形 - 柱:500 x 500mm 2:215675 (IfcColumn)""}]",
28,"合规","[{""guid"": ""2OibT2UMLBYgfonVRELIuz"", ""type"": "" (IfcBuilding)""}, {""guid"": ""0gKFhH4357pRQxVB7vb_Y9"", ""type"": ""混凝土 - 矩形 - 柱:500 x 500mm 2:215665 (IfcColumn)""}]",
28,"合规","[{""guid"": ""2OibT2UMLBYgfonVRELIuz"", ""type"": "" (IfcBuilding)""}, {""guid"": ""0gKFhH4357pRQxVB7vb_Z9"", ""type"": ""混凝土 - 矩形 - 柱:500 x 500mm 2:215601 (IfcColumn)""}]",
28,"合规","[{""guid"": ""2OibT2UMLBYgfonVRELIuz"", ""type"": "" (IfcBuilding)""}, {""guid"": ""0gKFhH4357pRQxVB7vb_ZL"", ""type"": ""混凝土 - 矩形 - 柱:500 x 500mm 2:215597 (IfcColumn)""}]",
28,"合规","[{""guid"": ""2OibT2UMLBYgfonVRELIuz"", ""type"": "" (IfcBuilding)""}, {""guid"": ""0gKFhH4357pRQxVB7vb_ZN"", ""type"": ""混凝土 - 矩形 - 柱:500 x 500mm 2:215599 (IfcColumn)""}]",
28,"合规","[{""guid"": ""2OibT2UMLBYgfonVRELIuz"", ""type"": "" (IfcBuilding)""}, {""guid"": ""0gKFhH4357pRQxVB7vb_ZP"", ""type"": ""混凝土 - 矩形 - 柱:500 x 500mm 2:215585 (IfcColumn)""}]",
28,"合规","[{""guid"": ""2OibT2UMLBYgfonVRELIuz"", ""type"": "" (IfcBuilding)""}, {""guid"": ""0gKFhH4357pRQxVB7vb_ZV"", ""type"": ""混凝土 - 矩形 - 柱:500 x 500mm 2:215591 (IfcColumn)""}]",
28,"合规","[{""guid"": ""2OibT2UMLBYgfonVRELIuz"", ""type"": "" (IfcBuilding)""}, {""guid"": ""0gKFhH4357pRQxVB7vb_Zb"", ""type"": ""混凝土 - 矩形 - 柱:500 x 500mm 2:215581 (IfcColumn)""}]",
28,"合规","[{""guid"": ""2OibT2UMLBYgfonVRELIuz"", ""type"": "" (IfcBuilding)""}, {""guid"": ""0gKFhH4357pRQxVB7vb_aP"", ""type"": ""混凝土 - 矩形 - 柱:500 x 500mm 2:216033 (IfcColumn)""}]",
28,"合规","[{""guid"": ""2OibT2UMLBYgfonVRELIuz"", ""type"": "" (IfcBuilding)""}, {""guid"": ""0gKFhH4357pRQxVB7vb_aR"", ""type"": ""混凝土 - 矩形 - 柱:500 x 500mm 2:216035 (IfcColumn)""}]",
28,"合规","[{""guid"": ""2OibT2UMLBYgfonVRELIuz"", ""type"": "" (IfcBuilding)""}, {""guid"": ""0gKFhH4357pRQxVB7vb_ab"", ""type"": ""混凝土 - 矩形 - 柱:500 x 500mm 2:216029 (IfcColumn)""}]",
28,"合规","[{""guid"": ""2OibT2UMLBYgfonVRELIuz"", ""type"": "" (IfcBuilding)""}, {""guid"": ""0gKFhH4357pRQxVB7vb_af"", ""type"": ""混凝土 - 矩形 - 柱:500 x 500mm 2:216017 (IfcColumn)""}]",
28,"合规","[{""guid"": ""2OibT2UMLBYgfonVRELIuz"", ""type"": "" (IfcBuilding)""}, {""guid"": ""0gKFhH4357pRQxVB7vb_aj"", ""type"": ""混凝土 - 矩形 - 柱:500 x 500mm 2:216021 (IfcColumn)""}]",
28,"合规","[{""guid"": ""2OibT2UMLBYgfonVRELIuz"", ""type"": "" (IfcBuilding)""}, {""guid"": ""0gKFhH4357pRQxVB7vb_al"", ""type"": ""混凝土 - 矩形 - 柱:500 x 500mm 2:216023 (IfcColumn)""}]",
28,"合规","[{""guid"": ""2OibT2UMLBYgfonVRELIuz"", ""type"": "" (IfcBuilding)""}, {""guid"": ""0gKFhH4357pRQxVB7vb_b$"", ""type"": ""混凝土 - 矩形 - 柱:500 x 500mm 2:215943 (IfcColumn)""}]",
28,"合规","[{""guid"": ""2OibT2UMLBYgfonVRELIuz"", ""type"": "" (IfcBuilding)""}, {""guid"": ""0gKFhH4357pRQxVB7vb_bz"", ""type"": ""混凝土 - 矩形 - 柱:500 x 500mm 2:215941 (IfcColumn)""}]",
28,"合规","[{""guid"": ""2OibT2UMLBYgfonVRELIuz"", ""type"": "" (IfcBuilding)""}, {""guid"": ""0gKFhH4357pRQxVB7vb_c3"", ""type"": ""混凝土 - 矩形 - 柱:500 x 500mm 2:215931 (IfcColumn)""}]",
28,"合规","[{""guid"": ""2OibT2UMLBYgfonVRELIuz"", ""type"": "" (IfcBuilding)""}, {""guid"": ""0gKFhH4357pRQxVB7vb_c5"", ""type"": ""混凝土 - 矩形 - 柱:500 x 500mm 2:215933 (IfcColumn)""}]",
28,"合规","[{""guid"": ""2OibT2UMLBYgfonVRELIuz"", ""type"": "" (IfcBuilding)""}, {""guid"": ""0gKFhH4357pRQxVB7vb_cF"", ""type"": ""混凝土 - 矩形 - 柱:500 x 500mm 2:215927 (IfcColumn)""}]",
28,"合规","[{""guid"": ""2OibT2UMLBYgfonVRELIuz"", ""type"": "" (IfcBuilding)""}, {""guid"": ""0gKFhH4357pRQxVB7vb_dJ"", ""type"": ""混凝土 - 矩形 - 柱:500 x 500mm 2:215851 (IfcColumn)""}]",
28,"合规","[{""guid"": ""2OibT2UMLBYgfonVRELIuz"", ""type"": "" (IfcBuilding)""}, {""guid"": ""0gKFhH4357pRQxVB7vb_dL"", ""type"": ""混凝土 - 矩形 - 柱:500 x 500mm 2:215853 (IfcColumn)""}]",
28,"合规","[{""guid"": ""2OibT2UMLBYgfonVRELIuz"", ""type"": "" (IfcBuilding)""}, {""guid"": ""0gKFhH4357pRQxVB7vb_dN"", ""type"": ""混凝土 - 矩形 - 柱:500 x 500mm 2:215855 (IfcColumn)""}]",
28,"合规","[{""guid"": ""2OibT2UMLBYgfonVRELIuz"", ""type"": "" (IfcBuilding)""}, {""guid"": ""0gKFhH4357pRQxVB7vb_dV"", ""type"": ""混凝土 - 矩形 - 柱:500 x 500mm 2:215847 (IfcColumn)""}]",
28,"合规","[{""guid"": ""2OibT2UMLBYgfonVRELIuz"", ""type"": "" (IfcBuilding)""}, {""guid"": ""0gKFhH4357pRQxVB7vb_db"", ""type"": ""混凝土 - 矩形 - 柱:500 x 500mm 2:215837 (IfcColumn)""}]",
28,"合规","[{""guid"": ""2OibT2UMLBYgfonVRELIuz"", ""type"": "" (IfcBuilding)""}, {""guid"": ""0gKFhH4357pRQxVB7vb_dd"", ""type"": ""混凝土 - 矩形 - 柱:500 x 500mm 2:215839 (IfcColumn)""}]",
28,"合规","[{""guid"": ""2OibT2UMLBYgfonVRELIuz"", ""type"": "" (IfcBuilding)""}, {""guid"": ""0gKFhH4357pRQxVB7vb_fM"", ""type"": ""混凝土 - 矩形 - 柱:500 x 500mm 2:215214 (IfcColumn)""}]",
28,"合规","[{""guid"": ""2OibT2UMLBYgfonVRELIuz"", ""type"": "" (IfcBuilding)""}, {""guid"": ""0gKFhH4357pRQxVB7vb_gh"", ""type"": ""混凝土 - 矩形 - 柱:500 x 500mm 2:215123 (IfcColumn)""}]",
28,"合规","[{""guid"": ""2OibT2UMLBYgfonVRELIuz"", ""type"": "" (IfcBuilding)""}, {""guid"": ""0gKFhH4357pRQxVB7vb_i$"", ""type"": ""混凝土 - 矩形 - 柱:500 x 500mm 2:215495 (IfcColumn)""}]",
28,"合规","[{""guid"": ""2OibT2UMLBYgfonVRELIuz"", ""type"": "" (IfcBuilding)""}, {""guid"": ""0gKFhH4357pRQxVB7vb_iZ"", ""type"": ""混凝土 - 矩形 - 柱:500 x 500mm 2:215515 (IfcColumn)""}]",
28,"合规","[{""guid"": ""2OibT2UMLBYgfonVRELIuz"", ""type"": "" (IfcBuilding)""}, {""guid"": ""0gKFhH4357pRQxVB7vb_ih"", ""type"": ""混凝土 - 矩形 - 柱:500 x 500mm 2:215507 (IfcColumn)""}]",
28,"合规","[{""guid"": ""2OibT2UMLBYgfonVRELIuz"", ""type"": "" (IfcBuilding)""}, {""guid"": ""0gKFhH4357pRQxVB7vb_il"", ""type"": ""混凝土 - 矩形 - 柱:500 x 500mm 2:215511 (IfcColumn)""}]",
28,"合规","[{""guid"": ""2OibT2UMLBYgfonVRELIuz"", ""type"": "" (IfcBuilding)""}, {""guid"": ""0gKFhH4357pRQxVB7vb_in"", ""type"": ""混凝土 - 矩形 - 柱:500 x 500mm 2:215497 (IfcColumn)""}]",
28,"合规","[{""guid"": ""2OibT2UMLBYgfonVRELIuz"", ""type"": "" (IfcBuilding)""}, {""guid"": ""0gKFhH4357pRQxVB7vb_ir"", ""type"": ""混凝土 - 矩形 - 柱:500 x 500mm 2:215501 (IfcColumn)""}]",
28,"合规","[{""guid"": ""2OibT2UMLBYgfonVRELIuz"", ""type"": "" (IfcBuilding)""}, {""guid"": ""0gKFhH4357pRQxVB7vb_it"", ""type"": ""混凝土 - 矩形 - 柱:500 x 500mm 2:215503 (IfcColumn)""}]",
28,"合规","[{""guid"": ""2OibT2UMLBYgfonVRELIuz"", ""type"": "" (IfcBuilding)""}, {""guid"": ""0gKFhH4357pRQxVB7vb_kG"", ""type"": ""混凝土 - 矩形 - 柱:500 x 500mm 2:215400 (IfcColumn)""}]",
28,"合规","[{""guid"": ""2OibT2UMLBYgfonVRELIuz"", ""type"": "" (IfcBuilding)""}, {""guid"": ""0gKFhH4357pRQxVB7vb_kY"", ""type"": ""混凝土 - 矩形 - 柱:500 x 500mm 2:215386 (IfcColumn)""}]",
28,"合规","[{""guid"": ""2OibT2UMLBYgfonVRELIuz"", ""type"": "" (IfcBuilding)""}, {""guid"": ""0gKFhH4357pRQxVB7vb_l2"", ""type"": ""混凝土 - 矩形 - 柱:500 x 500mm 2:215354 (IfcColumn)""}]",
28,"合规","[{""guid"": ""2OibT2UMLBYgfonVRELIuz"", ""type"": "" (IfcBuilding)""}, {""guid"": ""0gKFhH4357pRQxVB7vb_uP"", ""type"": ""混凝土 - 矩形 - 柱:500 x 500mm 2:216289 (IfcColumn)""}]",
28,"合规","[{""guid"": ""2OibT2UMLBYgfonVRELIuz"", ""type"": "" (IfcBuilding)""}, {""guid"": ""0gKFhH4357pRQxVB7vb_uT"", ""type"": ""混凝土 - 矩形 - 柱:500 x 500mm 2:216293 (IfcColumn)""}]",
28,"合规","[{""guid"": ""2OibT2UMLBYgfonVRELIuz"", ""type"": "" (IfcBuilding)""}, {""guid"": ""0gKFhH4357pRQxVB7vb_uh"", ""type"": ""混凝土 - 矩形 - 柱:500 x 500mm 2:216275 (IfcColumn)""}]",
28,"合规","[{""guid"": ""2OibT2UMLBYgfonVRELIuz"", ""type"": "" (IfcBuilding)""}, {""guid"": ""0gKFhH4357pRQxVB7vb_vn"", ""type"": ""混凝土 - 矩形 - 柱:500 x 500mm 2:216201 (IfcColumn)""}]",
28,"合规","[{""guid"": ""2OibT2UMLBYgfonVRELIuz"", ""type"": "" (IfcBuilding)""}, {""guid"": ""0gKFhH4357pRQxVB7vb_vr"", ""type"": ""混凝土 - 矩形 - 柱:500 x 500mm 2:216205 (IfcColumn)""}]",
28,"合规","[{""guid"": ""2OibT2UMLBYgfonVRELIuz"", ""type"": "" (IfcBuilding)""}, {""guid"": ""0gKFhH4357pRQxVB7vb_vv"", ""type"": ""混凝土 - 矩形 - 柱:500 x 500mm 2:216193 (IfcColumn)""}]",
28,"合规","[{""guid"": ""2OibT2UMLBYgfonVRELIuz"", ""type"": "" (IfcBuilding)""}, {""guid"": ""0gKFhH4357pRQxVB7vb_vz"", ""type"": ""混凝土 - 矩形 - 柱:500 x 500mm 2:216197 (IfcColumn)""}]",
28,"合规","[{""guid"": ""2OibT2UMLBYgfonVRELIuz"", ""type"": "" (IfcBuilding)""}, {""guid"": ""0gKFhH4357pRQxVB7vb_w1"", ""type"": ""混凝土 - 矩形 - 柱:500 x 500mm 2:216185 (IfcColumn)""}]",
28,"合规","[{""guid"": ""2OibT2UMLBYgfonVRELIuz"", ""type"": "" (IfcBuilding)""}, {""guid"": ""0gKFhH4357pRQxVB7vb_w3"", ""type"": ""混凝土 - 矩形 - 柱:500 x 500mm 2:216187 (IfcColumn)""}]",
28,"合规","[{""guid"": ""2OibT2UMLBYgfonVRELIuz"", ""type"": "" (IfcBuilding)""}, {""guid"": ""0gKFhH4357pRQxVB7vb_xD"", ""type"": ""混凝土 - 矩形 - 柱:500 x 500mm 2:216117 (IfcColumn)""}]",
28,"合规","[{""guid"": ""2OibT2UMLBYgfonVRELIuz"", ""type"": "" (IfcBuilding)""}, {""guid"": ""0gKFhH4357pRQxVB7vb_xF"", ""type"": ""混凝土 - 矩形 - 柱:500 x 500mm 2:216119 (IfcColumn)""}]",
28,"合规","[{""guid"": ""2OibT2UMLBYgfonVRELIuz"", ""type"": "" (IfcBuilding)""}, {""guid"": ""0gKFhH4357pRQxVB7vb_xL"", ""type"": ""混凝土 - 矩形 - 柱:500 x 500mm 2:216109 (IfcColumn)""}]",
28,"合规","[{""guid"": ""2OibT2UMLBYgfonVRELIuz"", ""type"": "" (IfcBuilding)""}, {""guid"": ""0gKFhH4357pRQxVB7vb_xR"", ""type"": ""混凝土 - 矩形 - 柱:500 x 500mm 2:216099 (IfcColumn)""}]",
28,"合规","[{""guid"": ""2OibT2UMLBYgfonVRELIuz"", ""type"": "" (IfcBuilding)""}, {""guid"": ""0gKFhH4357pRQxVB7vb_xT"", ""type"": ""混凝土 - 矩形 - 柱:500 x 500mm 2:216101 (IfcColumn)""}]",
28,"合规","[{""guid"": ""2OibT2UMLBYgfonVRELIuz"", ""type"": "" (IfcBuilding)""}, {""guid"": ""0gKFhH4357pRQxVB7vb_xV"", ""type"": ""混凝土 - 矩形 - 柱:500 x 500mm 2:216103 (IfcColumn)""}]",
28,"合规","[{""guid"": ""2OibT2UMLBYgfonVRELIuz"", ""type"": "" (IfcBuilding)""}, {""guid"": ""2TJvWVuN51mepwyN3rKIG3"", ""type"": ""混凝土 - 矩形 - 柱:500 x 500mm 2:217265 (IfcColumn)""}]",
28,"合规","[{""guid"": ""2OibT2UMLBYgfonVRELIuz"", ""type"": "" (IfcBuilding)""}, {""guid"": ""2TJvWVuN51mepwyN3rKIGJ"", ""type"": ""混凝土 - 矩形 - 柱:500 x 500mm 2:217249 (IfcColumn)""}]",
28,"合规","[{""guid"": ""2OibT2UMLBYgfonVRELIuz"", ""type"": "" (IfcBuilding)""}, {""guid"": ""2TJvWVuN51mepwyN3rKIGP"", ""type"": ""混凝土 - 矩形 - 柱:500 x 500mm 2:217259 (IfcColumn)""}]",
28,"合规","[{""guid"": ""2OibT2UMLBYgfonVRELIuz"", ""type"": "" (IfcBuilding)""}, {""guid"": ""2TJvWVuN51mepwyN3rKIGR"", ""type"": ""混凝土 - 矩形 - 柱:500 x 500mm 2:217257 (IfcColumn)""}]",
28,"合规","[{""guid"": ""2OibT2UMLBYgfonVRELIuz"", ""type"": "" (IfcBuilding)""}, {""guid"": ""2TJvWVuN51mepwyN3rKIGV"", ""type"": ""混凝土 - 矩形 - 柱:500 x 500mm 2:217261 (IfcColumn)""}]",
28,"合规","[{""guid"": ""2OibT2UMLBYgfonVRELIuz"", ""type"": "" (IfcBuilding)""}, {""guid"": ""2TJvWVuN51mepwyN3rKIGf"", ""type"": ""混凝土 - 矩形 - 柱:500 x 500mm 2:217243 (IfcColumn)""}]",
28,"合规","[{""guid"": ""2OibT2UMLBYgfonVRELIuz"", ""type"": "" (IfcBuilding)""}, {""guid"": ""2TJvWVuN51mepwyN3rKIGj"", ""type"": ""混凝土 - 矩形 - 柱:500 x 500mm 2:217247 (IfcColumn)""}]",
28,"合规","[{""guid"": ""2OibT2UMLBYgfonVRELIuz"", ""type"": "" (IfcBuilding)""}, {""guid"": ""2TJvWVuN51mepwyN3rKIH0"", ""type"": ""混凝土 - 矩形 - 柱:500 x 500mm 2:217330 (IfcColumn)""}]",
28,"合规","[{""guid"": ""2OibT2UMLBYgfonVRELIuz"", ""type"": "" (IfcBuilding)""}, {""guid"": ""2TJvWVuN51mepwyN3rKIHM"", ""type"": ""混凝土 - 矩形 - 柱:500 x 500mm 2:217316 (IfcColumn)""}]",
28,"合规","[{""guid"": ""2OibT2UMLBYgfonVRELIuz"", ""type"": "" (IfcBuilding)""}, {""guid"": ""2TJvWVuN51mepwyN3rKIHO"", ""type"": ""混凝土 - 矩形 - 柱:500 x 500mm 2:217322 (IfcColumn)""}]",
28,"合规","[{""guid"": ""2OibT2UMLBYgfonVRELIuz"", ""type"": "" (IfcBuilding)""}, {""guid"": ""2TJvWVuN51mepwyN3rKIHS"", ""type"": ""混凝土 - 矩形 - 柱:500 x 500mm 2:217326 (IfcColumn)""}]",
28,"合规","[{""guid"": ""2OibT2UMLBYgfonVRELIuz"", ""type"": "" (IfcBuilding)""}, {""guid"": ""2TJvWVuN51mepwyN3rKIHU"", ""type"": ""混凝土 - 矩形 - 柱:500 x 500mm 2:217324 (IfcColumn)""}]",
28,"合规","[{""guid"": ""2OibT2UMLBYgfonVRELIuz"", ""type"": "" (IfcBuilding)""}, {""guid"": ""2TJvWVuN51mepwyN3rKIHi"", ""type"": ""混凝土 - 矩形 - 柱:500 x 500mm 2:217310 (IfcColumn)""}]",
28,"合规","[{""guid"": ""2OibT2UMLBYgfonVRELIuz"", ""type"": "" (IfcBuilding)""}, {""guid"": ""2TJvWVuN51mepwyN3rKII1"", ""type"": ""混凝土 - 矩形 - 柱:500 x 500mm 2:217139 (IfcColumn)""}]",
28,"合规","[{""guid"": ""2OibT2UMLBYgfonVRELIuz"", ""type"": "" (IfcBuilding)""}, {""guid"": ""2TJvWVuN51mepwyN3rKIIJ"", ""type"": ""混凝土 - 矩形 - 柱:500 x 500mm 2:217121 (IfcColumn)""}]",
28,"合规","[{""guid"": ""2OibT2UMLBYgfonVRELIuz"", ""type"": "" (IfcBuilding)""}, {""guid"": ""2TJvWVuN51mepwyN3rKIIN"", ""type"": ""混凝土 - 矩形 - 柱:500 x 500mm 2:217125 (IfcColumn)""}]",
28,"合规","[{""guid"": ""2OibT2UMLBYgfonVRELIuz"", ""type"": "" (IfcBuilding)""}, {""guid"": ""2TJvWVuN51mepwyN3rKIIT"", ""type"": ""混凝土 - 矩形 - 柱:500 x 500mm 2:217135 (IfcColumn)""}]",
28,"合规","[{""guid"": ""2OibT2UMLBYgfonVRELIuz"", ""type"": "" (IfcBuilding)""}, {""guid"": ""2TJvWVuN51mepwyN3rKIIV"", ""type"": ""混凝土 - 矩形 - 柱:500 x 500mm 2:217133 (IfcColumn)""}]",
28,"合规","[{""guid"": ""2OibT2UMLBYgfonVRELIuz"", ""type"": "" (IfcBuilding)""}, {""guid"": ""2TJvWVuN51mepwyN3rKIJ2"", ""type"": ""混凝土 - 矩形 - 柱:500 x 500mm 2:217200 (IfcColumn)""}]",
28,"合规","[{""guid"": ""2OibT2UMLBYgfonVRELIuz"", ""type"": "" (IfcBuilding)""}, {""guid"": ""2TJvWVuN51mepwyN3rKIJI"", ""type"": ""混凝土 - 矩形 - 柱:500 x 500mm 2:217184 (IfcColumn)""}]",
28,"合规","[{""guid"": ""2OibT2UMLBYgfonVRELIuz"", ""type"": "" (IfcBuilding)""}, {""guid"": ""2TJvWVuN51mepwyN3rKIJK"", ""type"": ""混凝土 - 矩形 - 柱:500 x 500mm 2:217190 (IfcColumn)""}]",
28,"合规","[{""guid"": ""2OibT2UMLBYgfonVRELIuz"", ""type"": "" (IfcBuilding)""}, {""guid"": ""2TJvWVuN51mepwyN3rKIJO"", ""type"": ""混凝土 - 矩形 - 柱:500 x 500mm 2:217194 (IfcColumn)""}]",
28,"合规","[{""guid"": ""2OibT2UMLBYgfonVRELIuz"", ""type"": "" (IfcBuilding)""}, {""guid"": ""2TJvWVuN51mepwyN3rKIJQ"", ""type"": ""混凝土 - 矩形 - 柱:500 x 500mm 2:217192 (IfcColumn)""}]",
28,"合规","[{""guid"": ""2OibT2UMLBYgfonVRELIuz"", ""type"": "" (IfcBuilding)""}, {""guid"": ""2TJvWVuN51mepwyN3rKIJS"", ""type"": ""混凝土 - 矩形 - 柱:500 x 500mm 2:217198 (IfcColumn)""}]",
28,"合规","[{""guid"": ""2OibT2UMLBYgfonVRELIuz"", ""type"": "" (IfcBuilding)""}, {""guid"": ""2TJvWVuN51mepwyN3rKIKJ"", ""type"": ""混凝土 - 矩形 - 柱:500 x 500mm 2:217505 (IfcColumn)""}]",
28,"合规","[{""guid"": ""2OibT2UMLBYgfonVRELIuz"", ""type"": "" (IfcBuilding)""}, {""guid"": ""2TJvWVuN51mepwyN3rKIKf"", ""type"": ""混凝土 - 矩形 - 柱:500 x 500mm 2:217499 (IfcColumn)""}]",
28,"合规","[{""guid"": ""2OibT2UMLBYgfonVRELIuz"", ""type"": "" (IfcBuilding)""}, {""guid"": ""2TJvWVuN51mepwyN3rKIKh"", ""type"": ""混凝土 - 矩形 - 柱:500 x 500mm 2:217497 (IfcColumn)""}]",
28,"合规","[{""guid"": ""2OibT2UMLBYgfonVRELIuz"", ""type"": "" (IfcBuilding)""}, {""guid"": ""2TJvWVuN51mepwyN3rKIKj"", ""type"": ""混凝土 - 矩形 - 柱:500 x 500mm 2:217503 (IfcColumn)""}]",
28,"合规","[{""guid"": ""2OibT2UMLBYgfonVRELIuz"", ""type"": "" (IfcBuilding)""}, {""guid"": ""2TJvWVuN51mepwyN3rKILG"", ""type"": ""混凝土 - 矩形 - 柱:500 x 500mm 2:217570 (IfcColumn)""}]",
28,"合规","[{""guid"": ""2OibT2UMLBYgfonVRELIuz"", ""type"": "" (IfcBuilding)""}, {""guid"": ""2TJvWVuN51mepwyN3rKILM"", ""type"": ""混凝土 - 矩形 - 柱:500 x 500mm 2:217572 (IfcColumn)""}]",
28,"合规","[{""guid"": ""2OibT2UMLBYgfonVRELIuz"", ""type"": "" (IfcBuilding)""}, {""guid"": ""2TJvWVuN51mepwyN3rKILQ"", ""type"": ""混凝土 - 矩形 - 柱:500 x 500mm 2:217576 (IfcColumn)""}]",
28,"合规","[{""guid"": ""2OibT2UMLBYgfonVRELIuz"", ""type"": "" (IfcBuilding)""}, {""guid"": ""2TJvWVuN51mepwyN3rKILa"", ""type"": ""混凝土 - 矩形 - 柱:500 x 500mm 2:217558 (IfcColumn)""}]",
28,"合规","[{""guid"": ""2OibT2UMLBYgfonVRELIuz"", ""type"": "" (IfcBuilding)""}, {""guid"": ""2TJvWVuN51mepwyN3rKILg"", ""type"": ""混凝土 - 矩形 - 柱:500 x 500mm 2:217560 (IfcColumn)""}]",
28,"合规","[{""guid"": ""2OibT2UMLBYgfonVRELIuz"", ""type"": "" (IfcBuilding)""}, {""guid"": ""2TJvWVuN51mepwyN3rKILi"", ""type"": ""混凝土 - 矩形 - 柱:500 x 500mm 2:217566 (IfcColumn)""}]",
28,"合规","[{""guid"": ""2OibT2UMLBYgfonVRELIuz"", ""type"": "" (IfcBuilding)""}, {""guid"": ""2TJvWVuN51mepwyN3rKILk"", ""type"": ""混凝土 - 矩形 - 柱:500 x 500mm 2:217564 (IfcColumn)""}]",
28,"合规","[{""guid"": ""2OibT2UMLBYgfonVRELIuz"", ""type"": "" (IfcBuilding)""}, {""guid"": ""2TJvWVuN51mepwyN3rKIML"", ""type"": ""混凝土 - 矩形 - 柱:500 x 500mm 2:217383 (IfcColumn)""}]",
28,"合规","[{""guid"": ""2OibT2UMLBYgfonVRELIuz"", ""type"": "" (IfcBuilding)""}, {""guid"": ""2TJvWVuN51mepwyN3rKIMN"", ""type"": ""混凝土 - 矩形 - 柱:500 x 500mm 2:217381 (IfcColumn)""}]",
28,"合规","[{""guid"": ""2OibT2UMLBYgfonVRELIuz"", ""type"": "" (IfcBuilding)""}, {""guid"": ""2TJvWVuN51mepwyN3rKIMP"", ""type"": ""混凝土 - 矩形 - 柱:500 x 500mm 2:217387 (IfcColumn)""}]",
28,"合规","[{""guid"": ""2OibT2UMLBYgfonVRELIuz"", ""type"": "" (IfcBuilding)""}, {""guid"": ""2TJvWVuN51mepwyN3rKIMT"", ""type"": ""混凝土 - 矩形 - 柱:500 x 500mm 2:217391 (IfcColumn)""}]",
28,"合规","[{""guid"": ""2OibT2UMLBYgfonVRELIuz"", ""type"": "" (IfcBuilding)""}, {""guid"": ""2TJvWVuN51mepwyN3rKIN2"", ""type"": ""混凝土 - 矩形 - 柱:500 x 500mm 2:217456 (IfcColumn)""}]",
28,"合规","[{""guid"": ""2OibT2UMLBYgfonVRELIuz"", ""type"": "" (IfcBuilding)""}, {""guid"": ""2TJvWVuN51mepwyN3rKING"", ""type"": ""混凝土 - 矩形 - 柱:500 x 500mm 2:217442 (IfcColumn)""}]",
28,"合规","[{""guid"": ""2OibT2UMLBYgfonVRELIuz"", ""type"": "" (IfcBuilding)""}, {""guid"": ""2TJvWVuN51mepwyN3rKINI"", ""type"": ""混凝土 - 矩形 - 柱:500 x 500mm 2:217440 (IfcColumn)""}]",
28,"合规","[{""guid"": ""2OibT2UMLBYgfonVRELIuz"", ""type"": "" (IfcBuilding)""}, {""guid"": ""2TJvWVuN51mepwyN3rKINM"", ""type"": ""混凝土 - 矩形 - 柱:500 x 500mm 2:217444 (IfcColumn)""}]",
28,"合规","[{""guid"": ""2OibT2UMLBYgfonVRELIuz"", ""type"": "" (IfcBuilding)""}, {""guid"": ""2TJvWVuN51mepwyN3rKINQ"", ""type"": ""混凝土 - 矩形 - 柱:500 x 500mm 2:217448 (IfcColumn)""}]",
28,"合规","[{""guid"": ""2OibT2UMLBYgfonVRELIuz"", ""type"": "" (IfcBuilding)""}, {""guid"": ""2TJvWVuN51mepwyN3rKINS"", ""type"": ""混凝土 - 矩形 - 柱:500 x 500mm 2:217454 (IfcColumn)""}]",
28,"合规","[{""guid"": ""2OibT2UMLBYgfonVRELIuz"", ""type"": "" (IfcBuilding)""}, {""guid"": ""2TJvWVuN51mepwyN3rKINe"", ""type"": ""混凝土 - 矩形 - 柱:500 x 500mm 2:217434 (IfcColumn)""}]",
28,"合规","[{""guid"": ""2OibT2UMLBYgfonVRELIuz"", ""type"": "" (IfcBuilding)""}, {""guid"": ""2TJvWVuN51mepwyN3rKINi"", ""type"": ""混凝土 - 矩形 - 柱:500 x 500mm 2:217438 (IfcColumn)""}]",
28,"合规","[{""guid"": ""2OibT2UMLBYgfonVRELIuz"", ""type"": "" (IfcBuilding)""}, {""guid"": ""2TJvWVuN51mepwyN3rKINk"", ""type"": ""混凝土 - 矩形 - 柱:500 x 500mm 2:217436 (IfcColumn)""}]",
28,"合规","[{""guid"": ""2OibT2UMLBYgfonVRELIuz"", ""type"": "" (IfcBuilding)""}, {""guid"": ""2TJvWVuN51mepwyN3rKIQH"", ""type"": ""混凝土 - 矩形 - 柱:500 x 500mm 2:217635 (IfcColumn)""}]",
28,"合规","[{""guid"": ""2OibT2UMLBYgfonVRELIuz"", ""type"": "" (IfcBuilding)""}, {""guid"": ""2TJvWVuN51mepwyN3rKIQJ"", ""type"": ""混凝土 - 矩形 - 柱:500 x 500mm 2:217633 (IfcColumn)""}]",
28,"合规","[{""guid"": ""2OibT2UMLBYgfonVRELIuz"", ""type"": "" (IfcBuilding)""}, {""guid"": ""2TJvWVuN51mepwyN3rKIQL"", ""type"": ""混凝土 - 矩形 - 柱:500 x 500mm 2:217639 (IfcColumn)""}]",
28,"合规","[{""guid"": ""2OibT2UMLBYgfonVRELIuz"", ""type"": "" (IfcBuilding)""}, {""guid"": ""2TJvWVuN51mepwyN3rKIQN"", ""type"": ""混凝土 - 矩形 - 柱:500 x 500mm 2:217637 (IfcColumn)""}]",
28,"合规","[{""guid"": ""2OibT2UMLBYgfonVRELIuz"", ""type"": "" (IfcBuilding)""}, {""guid"": ""2TJvWVuN51mepwyN3rKIQR"", ""type"": ""混凝土 - 矩形 - 柱:500 x 500mm 2:217641 (IfcColumn)""}]",
28,"合规","[{""guid"": ""2OibT2UMLBYgfonVRELIuz"", ""type"": "" (IfcBuilding)""}, {""guid"": ""2TJvWVuN51mepwyN3rKIQb"", ""type"": ""混凝土 - 矩形 - 柱:500 x 500mm 2:217623 (IfcColumn)""}]",
28,"合规","[{""guid"": ""2OibT2UMLBYgfonVRELIuz"", ""type"": "" (IfcBuilding)""}, {""guid"": ""2TJvWVuN51mepwyN3rKIQf"", ""type"": ""混凝土 - 矩形 - 柱:500 x 500mm 2:217627 (IfcColumn)""}]",
28,"合规","[{""guid"": ""2OibT2UMLBYgfonVRELIuz"", ""type"": "" (IfcBuilding)""}, {""guid"": ""2TJvWVuN51mepwyN3rKJao"", ""type"": ""混凝土 - 矩形 - 柱:500 x 500mm 2:216448 (IfcColumn)""}]",
28,"合规","[{""guid"": ""2OibT2UMLBYgfonVRELIuz"", ""type"": "" (IfcBuilding)""}, {""guid"": ""2TJvWVuN51mepwyN3rKJem"", ""type"": ""混凝土 - 矩形 - 柱:500 x 500mm 2:216706 (IfcColumn)""}]",
28,"合规","[{""guid"": ""2OibT2UMLBYgfonVRELIuz"", ""type"": "" (IfcBuilding)""}, {""guid"": ""2TJvWVuN51mepwyN3rKJh1"", ""type"": ""混凝土 - 矩形 - 柱:500 x 500mm 2:216691 (IfcColumn)""}]",
28,"合规","[{""guid"": ""2OibT2UMLBYgfonVRELIuz"", ""type"": "" (IfcBuilding)""}, {""guid"": ""2TJvWVuN51mepwyN3rKJi3"", ""type"": ""混凝土 - 矩形 - 柱:500 x 500mm 2:217009 (IfcColumn)""}]",
28,"合规","[{""guid"": ""2OibT2UMLBYgfonVRELIuz"", ""type"": "" (IfcBuilding)""}, {""guid"": ""2TJvWVuN51mepwyN3rKJi5"", ""type"": ""混凝土 - 矩形 - 柱:500 x 500mm 2:217015 (IfcColumn)""}]",
28,"合规","[{""guid"": ""2OibT2UMLBYgfonVRELIuz"", ""type"": "" (IfcBuilding)""}, {""guid"": ""2TJvWVuN51mepwyN3rKJi9"", ""type"": ""混凝土 - 矩形 - 柱:500 x 500mm 2:217019 (IfcColumn)""}]",
28,"合规","[{""guid"": ""2OibT2UMLBYgfonVRELIuz"", ""type"": "" (IfcBuilding)""}, {""guid"": ""2TJvWVuN51mepwyN3rKJiB"", ""type"": ""混凝土 - 矩形 - 柱:500 x 500mm 2:217017 (IfcColumn)""}]",
28,"合规","[{""guid"": ""2OibT2UMLBYgfonVRELIuz"", ""type"": "" (IfcBuilding)""}, {""guid"": ""2TJvWVuN51mepwyN3rKJiN"", ""type"": ""混凝土 - 矩形 - 柱:500 x 500mm 2:216997 (IfcColumn)""}]",
28,"合规","[{""guid"": ""2OibT2UMLBYgfonVRELIuz"", ""type"": "" (IfcBuilding)""}, {""guid"": ""2TJvWVuN51mepwyN3rKJiP"", ""type"": ""混凝土 - 矩形 - 柱:500 x 500mm 2:217003 (IfcColumn)""}]",
28,"合规","[{""guid"": ""2OibT2UMLBYgfonVRELIuz"", ""type"": "" (IfcBuilding)""}, {""guid"": ""2TJvWVuN51mepwyN3rKJiR"", ""type"": ""混凝土 - 矩形 - 柱:500 x 500mm 2:217001 (IfcColumn)""}]",
28,"合规","[{""guid"": ""2OibT2UMLBYgfonVRELIuz"", ""type"": "" (IfcBuilding)""}, {""guid"": ""2TJvWVuN51mepwyN3rKJiT"", ""type"": ""混凝土 - 矩形 - 柱:500 x 500mm 2:217007 (IfcColumn)""}]",
28,"合规","[{""guid"": ""2OibT2UMLBYgfonVRELIuz"", ""type"": "" (IfcBuilding)""}, {""guid"": ""2TJvWVuN51mepwyN3rKJj0"", ""type"": ""混凝土 - 矩形 - 柱:500 x 500mm 2:217074 (IfcColumn)""}]",
28,"合规","[{""guid"": ""2OibT2UMLBYgfonVRELIuz"", ""type"": "" (IfcBuilding)""}, {""guid"": ""2TJvWVuN51mepwyN3rKJj2"", ""type"": ""混凝土 - 矩形 - 柱:500 x 500mm 2:217072 (IfcColumn)""}]",
28,"合规","[{""guid"": ""2OibT2UMLBYgfonVRELIuz"", ""type"": "" (IfcBuilding)""}, {""guid"": ""2TJvWVuN51mepwyN3rKJj6"", ""type"": ""混凝土 - 矩形 - 柱:500 x 500mm 2:217076 (IfcColumn)""}]",
28,"合规","[{""guid"": ""2OibT2UMLBYgfonVRELIuz"", ""type"": "" (IfcBuilding)""}, {""guid"": ""2TJvWVuN51mepwyN3rKJj8"", ""type"": ""混凝土 - 矩形 - 柱:500 x 500mm 2:217082 (IfcColumn)""}]",
28,"合规","[{""guid"": ""2OibT2UMLBYgfonVRELIuz"", ""type"": "" (IfcBuilding)""}, {""guid"": ""2TJvWVuN51mepwyN3rKJjG"", ""type"": ""混凝土 - 矩形 - 柱:500 x 500mm 2:217058 (IfcColumn)""}]",
28,"合规","[{""guid"": ""2OibT2UMLBYgfonVRELIuz"", ""type"": "" (IfcBuilding)""}, {""guid"": ""2TJvWVuN51mepwyN3rKJjK"", ""type"": ""混凝土 - 矩形 - 柱:500 x 500mm 2:217062 (IfcColumn)""}]",
28,"合规","[{""guid"": ""2OibT2UMLBYgfonVRELIuz"", ""type"": "" (IfcBuilding)""}, {""guid"": ""2TJvWVuN51mepwyN3rKJjM"", ""type"": ""混凝土 - 矩形 - 柱:500 x 500mm 2:217060 (IfcColumn)""}]",
28,"合规","[{""guid"": ""2OibT2UMLBYgfonVRELIuz"", ""type"": "" (IfcBuilding)""}, {""guid"": ""2TJvWVuN51mepwyN3rKJjQ"", ""type"": ""混凝土 - 矩形 - 柱:500 x 500mm 2:217064 (IfcColumn)""}]",
28,"合规","[{""guid"": ""2OibT2UMLBYgfonVRELIuz"", ""type"": "" (IfcBuilding)""}, {""guid"": ""2TJvWVuN51mepwyN3rKJjU"", ""type"": ""混凝土 - 矩形 - 柱:500 x 500mm 2:217068 (IfcColumn)""}]",
28,"合规","[{""guid"": ""2OibT2UMLBYgfonVRELIuz"", ""type"": "" (IfcBuilding)""}, {""guid"": ""2TJvWVuN51mepwyN3rKJk_"", ""type"": ""混凝土 - 矩形 - 柱:500 x 500mm 2:216844 (IfcColumn)""}]",
28,"合规","[{""guid"": ""2OibT2UMLBYgfonVRELIuz"", ""type"": "" (IfcBuilding)""}, {""guid"": ""2TJvWVuN51mepwyN3rKJlP"", ""type"": ""混凝土 - 矩形 - 柱:500 x 500mm 2:216939 (IfcColumn)""}]",
28,"合规","[{""guid"": ""2OibT2UMLBYgfonVRELIuz"", ""type"": "" (IfcBuilding)""}, {""guid"": ""2TJvWVuN51mepwyN3rKJls"", ""type"": ""混凝土 - 矩形 - 柱:500 x 500mm 2:216900 (IfcColumn)""}]",
29,"合规","[{""guid"": ""2OibT2UMLBYgfonVRELIuz"", ""type"": "" (IfcBuilding)""}, {""guid"": ""0BQfC5xMrD0RyTBtqcy1WH"", ""type"": ""热轧H型钢:HW400x400x13x21:218196 (IfcBeam)""}]",
29,"合规","[{""guid"": ""2OibT2UMLBYgfonVRELIuz"", ""type"": "" (IfcBuilding)""}, {""guid"": ""0BQfC5xMrD0RyTBtqcy1Wb"", ""type"": ""热轧H型钢:HW400x400x13x21:218208 (IfcBeam)""}]",
29,"合规","[{""guid"": ""2OibT2UMLBYgfonVRELIuz"", ""type"": "" (IfcBuilding)""}, {""guid"": ""0BQfC5xMrD0RyTBtqcy1Wl"", ""type"": ""热轧H型钢:HW400x400x13x21:218218 (IfcBeam)""}]",
29,"合规","[{""guid"": ""2OibT2UMLBYgfonVRELIuz"", ""type"": "" (IfcBuilding)""}, {""guid"": ""0BQfC5xMrD0RyTBtqcy1Wn"", ""type"": ""热轧H型钢:HW400x400x13x21:218228 (IfcBeam)""}]",
29,"合规","[{""guid"": ""2OibT2UMLBYgfonVRELIuz"", ""type"": "" (IfcBuilding)""}, {""guid"": ""0BQfC5xMrD0RyTBtqcy1YD"", ""type"": ""热轧H型钢:HW400x400x13x21:218312 (IfcBeam)""}]",
29,"合规","[{""guid"": ""2OibT2UMLBYgfonVRELIuz"", ""type"": "" (IfcBuilding)""}, {""guid"": ""0BQfC5xMrD0RyTBtqcy1ZB"", ""type"": ""热轧H型钢:HW400x400x13x21:218254 (IfcBeam)""}]",
29,"合规","[{""guid"": ""2OibT2UMLBYgfonVRELIuz"", ""type"": "" (IfcBuilding)""}, {""guid"": ""0BQfC5xMrD0RyTBtqcy1Zt"", ""type"": ""热轧H型钢:HW400x400x13x21:218290 (IfcBeam)""}]",
29,"合规","[{""guid"": ""2OibT2UMLBYgfonVRELIuz"", ""type"": "" (IfcBuilding)""}, {""guid"": ""0BQfC5xMrD0RyTBtqcy1a5"", ""type"": ""热轧H型钢:HW400x400x13x21:218432 (IfcBeam)""}]",
29,"合规","[{""guid"": ""2OibT2UMLBYgfonVRELIuz"", ""type"": "" (IfcBuilding)""}, {""guid"": ""0BQfC5xMrD0RyTBtqcy1aF"", ""type"": ""热轧H型钢:HW400x400x13x21:218442 (IfcBeam)""}]",
29,"合规","[{""guid"": ""2OibT2UMLBYgfonVRELIuz"", ""type"": "" (IfcBuilding)""}, {""guid"": ""0BQfC5xMrD0RyTBtqcy1aH"", ""type"": ""热轧H型钢:HW400x400x13x21:218452 (IfcBeam)""}]",
29,"合规","[{""guid"": ""2OibT2UMLBYgfonVRELIuz"", ""type"": "" (IfcBuilding)""}, {""guid"": ""0BQfC5xMrD0RyTBtqcy1at"", ""type"": ""热轧H型钢:HW400x400x13x21:218482 (IfcBeam)""}]",
29,"合规","[{""guid"": ""2OibT2UMLBYgfonVRELIuz"", ""type"": "" (IfcBuilding)""}, {""guid"": ""0BQfC5xMrD0RyTBtqcy1b7"", ""type"": ""热轧H型钢:HW400x400x13x21:218370 (IfcBeam)""}]",
29,"合规","[{""guid"": ""2OibT2UMLBYgfonVRELIuz"", ""type"": "" (IfcBuilding)""}, {""guid"": ""0BQfC5xMrD0RyTBtqcy1bV"", ""type"": ""热轧H型钢:HW400x400x13x21:218394 (IfcBeam)""}]",
29,"合规","[{""guid"": ""2OibT2UMLBYgfonVRELIuz"", ""type"": "" (IfcBuilding)""}, {""guid"": ""0BQfC5xMrD0RyTBtqcy1dr"", ""type"": ""热轧H型钢:HW400x400x13x21:218544 (IfcBeam)""}]",
29,"合规","[{""guid"": ""2OibT2UMLBYgfonVRELIuz"", ""type"": "" (IfcBuilding)""}, {""guid"": ""0BQfC5xMrD0RyTBtqcy1e3"", ""type"": ""热轧H型钢:HW400x400x13x21:218694 (IfcBeam)""}]",
29,"合规","[{""guid"": ""2OibT2UMLBYgfonVRELIuz"", ""type"": "" (IfcBuilding)""}, {""guid"": ""0BQfC5xMrD0RyTBtqcy1eL"", ""type"": ""热轧H型钢:HW400x400x13x21:218704 (IfcBeam)""}]",
29,"合规","[{""guid"": ""2OibT2UMLBYgfonVRELIuz"", ""type"": "" (IfcBuilding)""}, {""guid"": ""0BQfC5xMrD0RyTBtqcy1ej"", ""type"": ""热轧H型钢:HW400x400x13x21:218728 (IfcBeam)""}]",
29,"合规","[{""guid"": ""2OibT2UMLBYgfonVRELIuz"", ""type"": "" (IfcBuilding)""}, {""guid"": ""0BQfC5xMrD0RyTBtqcy1gU"", ""type"": ""热轧H型钢:HW400x400x13x21:218843 (IfcBeam)""}]",
29,"合规","[{""guid"": ""2OibT2UMLBYgfonVRELIuz"", ""type"": "" (IfcBuilding)""}, {""guid"": ""0BQfC5xMrD0RyTBtqcy1ha"", ""type"": ""热轧H型钢:HW400x400x13x21:218785 (IfcBeam)""}]",
29,"合规","[{""guid"": ""2OibT2UMLBYgfonVRELIuz"", ""type"": "" (IfcBuilding)""}, {""guid"": ""0BQfC5xMrD0RyTBtqcy1jC"", ""type"": ""热轧H型钢:HW400x400x13x21:218889 (IfcBeam)""}]",
29,"合规","[{""guid"": ""2OibT2UMLBYgfonVRELIuz"", ""type"": "" (IfcBuilding)""}, {""guid"": ""0BQfC5xMrD0RyTBtqcy1j_"", ""type"": ""热轧H型钢:HW400x400x13x21:218939 (IfcBeam)""}]",
29,"合规","[{""guid"": ""2OibT2UMLBYgfonVRELIuz"", ""type"": "" (IfcBuilding)""}, {""guid"": ""0BQfC5xMrD0RyTBtqcy1l0"", ""type"": ""热轧H型钢:HW400x400x13x21:219013 (IfcBeam)""}]",
29,"合规","[{""guid"": ""2OibT2UMLBYgfonVRELIuz"", ""type"": "" (IfcBuilding)""}, {""guid"": ""0BQfC5xMrD0RyTBtqcy1lz"", ""type"": ""热轧H型钢:HW400x400x13x21:219064 (IfcBeam)""}]",
45,不合规,"[{""guid"": ""2OibT2UMLBYgfonVRELIuz"", ""type"": "" (IfcBuilding)""}, {""guid"": ""1wXU_jTED61P7ZYfArwKmy"", ""type"": ""13 (IfcSpace)""}, {""guid"": ""26bv8NXWT6ZffBljVe3EEW"", ""type"": ""单嵌板玻璃门 1:900 x 2100mm:244061 (IfcDoor)""}, {""guid"": ""26bv8NXWT6ZffBljVe3ELX"", ""type"": ""单嵌板玻璃门 1:900 x 2100mm:245660 (IfcDoor)""}]",
30,"合规","[{""guid"": ""2WoqTfK6H4ixXkt521zOtT"", ""type"": ""楼板:常规 - 120mm 2:219105 (IfcSlab)""}]",
